,Edges
0,"[['PUI', 'MRL'], ['MRL', 'PAL']]"
3,"[['PU', 'TAPI'], ['TAPI', 'LTY'], ['LTY', 'VTE'], ['VTE', 'CU']]"
4,"[['MX', 'TER']]"
5,"[['VIL', 'VEY'], ['VEY', 'TER'], ['TER', 'MX']]"
6,"[['BR', 'BRTU'], ['BRTU', 'STDG']]"
7,"[['CHV', 'BAV'], ['CHV', 'ESP']]"
8,"[['LHE', 'REU'], ['LHE', 'SCB']]"
10,"[['ZSEB', 'ZAF'], ['ZSEB', 'ZOEN'], ['ZSEB', 'OPS'], ['ZSEB', 'ZOER']]"
11,"[['ZUE', 'ZLST'], ['ZUE', 'ZSTH'], ['ZUE', 'ZWEH']]"
13,"[['KLW', 'KLWL'], ['KLW', 'RBLK'], ['KLW', 'RBLN'], ['KLW', 'SILB'], ['KLW', 'WUER'], ['KLW', 'LANG']]"
14,"[['SCHL', 'GLZB'], ['SCHL', 'EINF']]"
15,"[['SCHL', 'GLZB'], ['SCHL', 'EINF']]"
16,"[['KLW', 'LANG'], ['LANG', 'MELH']]"
17,"[['ZWOL', 'ZEN'], ['ZWOL', 'KIL']]"
18,"[['TW', 'TWNO'], ['TW', 'ORD'], ['TW', 'ORDD']]"
20,"[['ZSTH', 'ZTB']]"
21,"[['ZSTH', 'ZTB']]"
22,"[['KUES', 'ERLB'], ['ERLB', 'WIN'], ['WIN', 'HERL'], ['HERL', 'FEWA'], ['FEWA', 'ML'], ['ML', 'UET'], ['UET', 'MAEN'], ['MAEN', 'STAE'], ['STAE', 'UER'], ['UER', 'FB'], ['FB', 'KPT'], ['KPT', 'RWNO'], ['RWNO', 'RW']]"
23,"[['ERLB', 'WIN'], ['ERLB', 'KUES']]"
24,"[['NID', 'LGB'], ['LGB', 'LU'], ['LU', 'DSB'], ['DSB', 'RUET'], ['RUET', 'LINB'], ['LINB', 'LIN']]"
25,"[['GLB', 'OPS'], ['GLB', 'ZOEN'], ['GLB', 'ZOER'], ['GLB', 'TALR']]"
26,"[['HRD', 'ZAS'], ['HRD', 'ZBST'], ['HRD', 'ZHDB']]"
27,"[['FMS', 'MELS'], ['FMS', 'WAL']]"
28,"[['ZUE', 'ZLST'], ['ZLST', 'ZAU'], ['ZAU', 'ZKOL'], ['ZKOL', 'NIDB'], ['NIDB', 'TWNO'], ['TWNO', 'TW'], ['TW', 'ORD'], ['ORD', 'HG'], ['HG', 'AU'], ['AU', 'WAE'], ['WAE', 'RI'], ['RI', 'HAF'], ['HAF', 'BAE'], ['BAE', 'FRB'], ['FRB', 'PF'], ['PF', 'ALTD'], ['ALTD', 'LA'], ['LA', 'SIB'], ['SIB', 'SCBU'], ['SCBU', 'RG'], ['RG', 'BIL'], ['BIL', 'ZB'], ['ZB', 'WN'], ['WN', 'MH'], ['MH', 'TIEF'], ['TIEF', 'MG'], ['MG', 'UNT'], ['UNT', 'MOLS'], ['MOLS', 'WAL'], ['WAL', 'FMS'], ['FMS', 'MELS'], ['MELS', 'SA'], ['SA', 'BRAG'], ['BRAG', 'MF'], ['MF', 'ROR'], ['ROR', 'LQ'], ['LQ', 'ZIZS'], ['ZIZS', 'CH']]"
29,"[['FMS', 'MELS'], ['FMS', 'WAL']]"
30,"[['OP', 'ZFH']]"
31,"[['OP', 'ZFH']]"
32,"[['ZFH', 'DORF']]"
33,"[['WS', 'DTL'], ['DTL', 'HURW'], ['HURW', 'HUER']]"
34,"[['W', 'LANT'], ['W', 'WWE'], ['W', 'SCAL']]"
35,"[['HUER', 'BSD'], ['HUER', 'EF'], ['HUER', 'HURW']]"
36,"[['FF', 'FEL'], ['FF', 'FFPP'], ['FF', 'ISL']]"
37,"[['MUEL', 'HM'], ['MUEL', 'MAER']]"
38,"[['SLG', 'BGL'], ['BGL', 'WFKV'], ['WFKV', 'WF']]"
39,"[['WGR', 'WHE'], ['WHE', 'RAET'], ['RAET', 'SCHK'], ['SCHK', 'SNT'], ['SNT', 'EL'], ['EL', 'AD'], ['AD', 'GUN'], ['GUN', 'ESL'], ['ESL', 'SIR']]"
40,"[['GSS', 'BUDZ'], ['GSS', 'GSSO'], ['GSS', 'SGWI']]"
41,"[['SGWI', 'GSS'], ['SGWI', 'SGBR']]"
42,"[['WGR', 'WHE'], ['WHE', 'RAET'], ['RAET', 'SCHK'], ['SCHK', 'SNT'], ['SNT', 'EL'], ['EL', 'AD'], ['AD', 'GUN'], ['GUN', 'ESL'], ['ESL', 'SIR'], ['SIR', 'WIWE'], ['WIWE', 'WIGB'], ['WIGB', 'WIL'], ['WIL', 'WILM'], ['WILM', 'WILO'], ['WILO', 'SCHZ'], ['SCHZ', 'ALG'], ['ALG', 'UZW'], ['UZW', 'FLA'], ['FLA', 'BUDZ'], ['BUDZ', 'GSS'], ['GSS', 'SGWI'], ['SGWI', 'SGBR'], ['SGBR', 'SGW'], ['SGW', 'SGGB'], ['SGGB', 'SG']]"
43,"[['GUN', 'ESL'], ['ESL', 'SIR'], ['SIR', 'WIWE'], ['WIWE', 'WIGB'], ['WIGB', 'WIL'], ['WIL', 'WILM'], ['WILM', 'WILO'], ['WILO', 'SCHZ'], ['SCHZ', 'ALG'], ['ALG', 'UZW'], ['UZW', 'FLA'], ['FLA', 'BUDZ'], ['BUDZ', 'GSS']]"
44,"[['GSS', 'GSSO'], ['GSSO', 'ARN'], ['ARN', 'HPT'], ['HPT', 'BZS'], ['BZS', 'SIT'], ['SIT', 'BZN'], ['BZN', 'KRA'], ['KRA', 'SLG']]"
45,"[['HGT', 'AN'], ['HGT', 'HET']]"
46,"[['WTOE', 'WWUE'], ['WWUE', 'PFU'], ['PFU', 'EMB']]"
47,"[['UST', 'AAT']]"
48,"[['UST', 'NAEN'], ['UST', 'AAT']]"
49,"[['EF', 'IL'], ['IL', 'FETI'], ['FETI', 'FET'], ['FET', 'WITZ'], ['WITZ', 'PFZ'], ['PFZ', 'KN'], ['KN', 'WZ']]"
50,"[['SEU', 'DIH'], ['DIH', 'TLH'], ['TLH', 'OSS'], ['OSS', 'STM'], ['STM', 'EW']]"
51,"[['FT', 'LAN'], ['FT', 'SH']]"
52,"[['KR', 'KOGA'], ['KR', 'KRH'], ['KR', 'TAMO']]"
53,"[['EW', 'STM'], ['EW', 'STR'], ['EW', 'SCHN']]"
54,"[['STR', 'EZ']]"
55,"[['TAEN', 'BTW'], ['TAEN', 'TOA']]"
56,"[['SHAU', 'LENG']]"
57,"[['UZ', 'KAB']]"
58,"[['LUET', 'BAZ'], ['LUET', 'BUET']]"
59,"[['IM', 'BRM'], ['BRM', 'GD'], ['GD', 'STNS'], ['STNS', 'STN'], ['STN', 'SCHW'], ['SCHW', 'BRU']]"
60,"[['GD', 'BRM'], ['GD', 'GDMF'], ['GD', 'STNS']]"
61,"[['GD', 'STNS'], ['STNS', 'STN'], ['STN', 'SCHW']]"
62,"[['GOE', 'EGW'], ['GOE', 'GOTN']]"
63,"[['AI', 'SORD'], ['AI', 'GOTN'], ['AI', 'GOTS']]"
64,"[['FA', 'CHIG'], ['FA', 'PARD']]"
65,"[['LAV', 'CHIG'], ['LAV', 'PIA']]"
66,"[['GIDI', 'OS'], ['OS', 'CLA'], ['CLA', 'CASN'], ['CASN', 'CAST']]"
67,"[['BEL', 'BELD'], ['BELD', 'GIUN'], ['GIUN', 'GIU']]"
68,"[['BEL', 'BELD'], ['BELD', 'GIUN'], ['GIUN', 'GIU']]"
69,"[['VEZB', 'LG'], ['LG', 'LGP'], ['LGP', 'LGPC'], ['LGPC', 'SMAC'], ['SMAC', 'MDE'], ['MDE', 'MAR'], ['MAR', 'CAP']]"
70,"[['LG', 'LAMC'], ['LG', 'LGP'], ['LG', 'VEZB']]"
71,"[['MDE', 'BISS'], ['MDE', 'MAR'], ['MDE', 'SMAC']]"
72,"[['GREL', 'DUG']]"
73,"[['TH', 'THAB'], ['TH', 'THB'], ['TH', 'THSC']]"
74,"[['WBOL', 'HAE'], ['WBOL', 'OLH']]"
75,"[['BET', 'SEL'], ['BET', 'GS']]"
76,"[['SEL', 'BELE'], ['SEL', 'BET']]"
77,"[['LTH', 'LTG'], ['LTG', 'LTHW'], ['LTHW', 'HB']]"
78,"[['ZOL', 'MUEB'], ['ZOL', 'SCHB'], ['ZOL', 'ZOLW']]"
79,"[['LN', 'TSCH'], ['TSCH', 'WIG'], ['WIG', 'ESCH'], ['ESCH', 'SCHH']]"
80,"[['LN', 'TSCH'], ['LN', 'OM']]"
81,"[['DAG', 'NEBN'], ['DAG', 'REID']]"
82,"[['ZF', 'BRIT'], ['BRIT', 'REID'], ['REID', 'DAG'], ['DAG', 'NEBN'], ['NEBN', 'NEB'], ['NEB', 'WAU'], ['WAU', 'STER'], ['STER', 'SS'], ['SS', 'SSS'], ['SSS', 'OBK'], ['OBK', 'NO'], ['NO', 'SEM'], ['SEM', 'RBG']]"
83,"[['OBK', 'NO'], ['OBK', 'SSS']]"
84,"[['LZ', 'LZEF']]"
85,"[['SAF', 'KSMD'], ['SAF', 'WAST']]"
86,"[['DK', 'DKRB'], ['DK', 'DKW'], ['DK', 'SCOE']]"
87,"[['DKRB', 'DK'], ['DKRB', 'DKW']]"
88,"[['RU', 'LB'], ['LB', 'GEXI'], ['GEXI', 'OTH'], ['OTH', 'MAEG'], ['MAEG', 'GMT'], ['GMT', 'MELH'], ['MELH', 'LANG'], ['LANG', 'KLW']]"
89,"[['AA', 'AAGB'], ['AAGB', 'AAO'], ['AAO', 'ROHS'], ['ROHS', 'RU']]"
90,"[['OL', 'OLH'], ['OL', 'ABO'], ['OL', 'OLNO'], ['OL', 'OLRB'], ['OL', 'RTR']]"
91,"[['GSK', 'RKSW'], ['RKSW', 'RK'], ['RK', 'RKSO'], ['RKSO', 'BRGL'], ['BRGL', 'IM'], ['IM', 'KUE']]"
92,"[['BG', 'BGOS'], ['BGOS', 'TG']]"
93,"[['TG', 'BD'], ['TG', 'BGOS'], ['TG', 'SIIN']]"
94,"[['TG', 'BD'], ['TG', 'BGOS'], ['TG', 'SIIN']]"
95,"[['LP', 'LPFR'], ['LP', 'RUS']]"
97,"[['GEAP', 'CHNE']]"
98,"[['GE', 'GEVO'], ['GE', 'SJ']]"
99,"[['MOR', 'TOL'], ['TOL', 'STP']]"
100,"[['LS', 'LSBI'], ['LS', 'PU'], ['LS', 'PUN']]"
101,"[['ROS', 'NEY'], ['ROS', 'MTR']]"
102,"[['FRI', 'FRPO'], ['FRI', 'GIV'], ['FRI', 'VG']]"
103,"[['ROC', 'AIG']]"
104,"[['ST', 'AIG']]"
105,"[['PT', 'DAY']]"
106,"[['CORN', 'CRNE'], ['CORN', 'SBL']]"
107,"[['ZSEB', 'ZAF'], ['ZAF', 'ZGUB'], ['ZGUB', 'REG'], ['REG', 'BUD'], ['BUD', 'BUDI'], ['BUDI', 'BUHW'], ['BUHW', 'OFR'], ['OFR', 'OFI'], ['OFI', 'OF'], ['OF', 'WUER'], ['WUER', 'WE']]"
108,"[['ZSEB', 'ZAF'], ['ZAF', 'ZGUB'], ['ZGUB', 'REG'], ['REG', 'BUD'], ['BUD', 'BUDI'], ['BUDI', 'BUHW'], ['BUHW', 'OFR'], ['OFR', 'OFI'], ['OFI', 'OF'], ['OF', 'WUER']]"
109,"[['WUER', 'KLW'], ['WUER', 'WE'], ['WUER', 'OF']]"
110,"[['DT', 'GLZB'], ['DT', 'RBLZ'], ['DT', 'SILB']]"
111,"[['ZAS', 'EINF'], ['ZAS', 'HRD'], ['ZAS', 'ZAFH'], ['ZAS', 'ZHDB'], ['ZAS', 'ZHER'], ['ZAS', 'ZVB'], ['ZAS', 'ZVBW'], ['ZAS', 'ZMUE']]"
112,"[['WE', 'BDO'], ['WE', 'BD'], ['WE', 'NHOF'], ['WE', 'WUER']]"
113,"[['KLW', 'WUER'], ['WUER', 'WE']]"
114,"[['TW', 'TWNO'], ['TW', 'ORD'], ['TW', 'ORDD']]"
115,"[['SIB', 'SCBU']]"
116,"[['PF', 'FRB'], ['PF', 'ALTD']]"
117,"[['ZOER', 'GLB'], ['ZOER', 'ZOEN'], ['ZOER', 'OPS'], ['ZOER', 'WS'], ['ZOER', 'ZBST'], ['ZOER', 'ZSEB']]"
118,"[['GLB', 'TALR'], ['TALR', 'RUEM'], ['RUEM', 'OGL'], ['OGL', 'NG'], ['NG', 'BUE']]"
119,"[['LOT', 'JES'], ['JES', 'JE']]"
120,"[['BUE', 'EMB'], ['BUE', 'NG'], ['BUE', 'GF']]"
121,"[['RZ', 'LOT'], ['RZ', 'HUEW']]"
122,"[['UNT', 'MG'], ['UNT', 'MOLS']]"
123,"[['UNT', 'MG'], ['MG', 'TIEF'], ['TIEF', 'MH']]"
124,"[['FMS', 'MELS'], ['FMS', 'WAL']]"
125,"[['CH', 'CHGB'], ['CH', 'ZIZS']]"
126,"[['ZSTH', 'ZHOT'], ['ZSTH', 'ZTB'], ['ZSTH', 'ZUE']]"
127,"[['WS', 'CHRI'], ['WS', 'DTL'], ['WS', 'ZOER']]"
128,"[['KL', 'KLB'], ['KL', 'DORF']]"
129,"[['W', 'SCAL'], ['SCAL', 'OWT'], ['OWT', 'OWTO'], ['OWTO', 'WD'], ['WD', 'RIK'], ['RIK', 'ISL'], ['ISL', 'FF'], ['FF', 'FEL'], ['FEL', 'HM'], ['HM', 'MUEL'], ['MUEL', 'MAER'], ['MAER', 'WF']]"
130,"[['OWT', 'OWTO'], ['OWT', 'SCAL'], ['OWT', 'WWAL']]"
131,"[['WF', 'MAER'], ['WF', 'WFKV'], ['WF', 'KHFW'], ['WF', 'WFS']]"
133,"[['SLG', 'ERL'], ['ERL', 'OA'], ['OA', 'AW'], ['AW', 'RHW'], ['RHW', 'RH']]"
134,"[['WIL', 'WILM'], ['WIL', 'WIGB'], ['WIL', 'WNOR']]"
135,"[['WIL', 'WILM'], ['WIL', 'WIGB'], ['WIL', 'WNOR']]"
136,"[['SGBR', 'SGW'], ['SGBR', 'SGWI']]"
137,"[['SG', 'SGGB'], ['SG', 'SGF']]"
138,"[['SG', 'SGGB'], ['SG', 'SGF']]"
139,"[['W', 'SCAL'], ['SCAL', 'WGR'], ['WGR', 'WHE'], ['WHE', 'RAET'], ['RAET', 'SCHK'], ['SCHK', 'SNT'], ['SNT', 'EL'], ['EL', 'AD'], ['AD', 'GUN'], ['GUN', 'ESL'], ['ESL', 'SIR'], ['SIR', 'WIWE'], ['WIWE', 'WIGB'], ['WIGB', 'WIL'], ['WIL', 'WILM'], ['WILM', 'WILO'], ['WILO', 'SCHZ'], ['SCHZ', 'ALG'], ['ALG', 'UZW'], ['UZW', 'FLA'], ['FLA', 'BUDZ'], ['BUDZ', 'GSS'], ['GSS', 'SGWI'], ['SGWI', 'SGBR'], ['SGBR', 'SGW'], ['SGW', 'SGGB'], ['SGGB', 'SG']]"
140,"[['RS', 'RSGB'], ['RS', 'RSHF'], ['RS', 'RSST']]"
141,"[['SMG', 'RCK'], ['SMG', 'AUSG']]"
142,"[['WZ', 'AAT'], ['WZ', 'KN'], ['WZ', 'BUB'], ['WZ', 'HI']]"
143,"[['OSS', 'TLH'], ['OSS', 'STM']]"
144,"[['SH', 'FT']]"
145,"[['EZ', 'MAM'], ['EZ', 'STR']]"
146,"[['WIL', 'WNOR'], ['WNOR', 'BRO']]"
147,"[['KRB', 'LENG'], ['KRB', 'TAEM']]"
148,"[['BERG', 'AHAU'], ['AHAU', 'SHAU']]"
150,"[['BRU', 'FRNZ'], ['BRU', 'SCHW']]"
151,"[['ER', 'ERNA'], ['ER', 'AS']]"
152,"[['ER', 'ERNA'], ['ER', 'AS']]"
153,"[['AP', 'RO'], ['AP', 'SORD']]"
154,"[['AP', 'RO'], ['AP', 'SORD']]"
155,"[['BEL', 'BELD'], ['BELD', 'GIUN'], ['GIUN', 'GIU']]"
156,"[['BEL', 'BELD'], ['BELD', 'GIUN'], ['GIUN', 'GIU']]"
157,"[['BEL', 'BELD'], ['BELD', 'GIUN'], ['GIUN', 'GIU']]"
158,"[['VEZB', 'LG'], ['LG', 'LGP'], ['LGP', 'LGPC'], ['LGPC', 'SMAC'], ['SMAC', 'MDE'], ['MDE', 'MAR'], ['MAR', 'CAP']]"
159,"[['BAA', 'BAAN'], ['BAAN', 'BAAL'], ['BAAL', 'ZG']]"
160,"[['RUB', 'MS'], ['MS', 'WCH']]"
161,"[['OST', 'GUE'], ['GUE', 'GUES'], ['GUES', 'RUB']]"
162,"[['UTI', 'THAB'], ['THAB', 'TH']]"
163,"[['HAE', 'WBOL'], ['HAE', 'HRK']]"
164,"[['SW', 'SO'], ['SW', 'SOAD']]"
165,"[['LEN', 'GS'], ['LEN', 'PIE']]"
166,"[['SO', 'INKV'], ['INKV', 'WANZ']]"
167,"[['LTH', 'LTG'], ['LTH', 'ROG']]"
168,"[['OL', 'RTR'], ['RTR', 'RTRH'], ['RTRH', 'RANS'], ['RANS', 'MGT'], ['MGT', 'ROG'], ['ROG', 'LTH']]"
169,"[['LN', 'TSCH'], ['TSCH', 'WIG'], ['WIG', 'ESCH'], ['ESCH', 'SCHH']]"
170,"[['OL', 'ABO']]"
171,"[['ABO', 'ABOW'], ['ABO', 'ABOS'], ['ABO', 'OL']]"
172,"[['SS', 'SSS'], ['SS', 'STER']]"
173,"[['FMUE', 'EBR']]"
174,"[['OL', 'OLH'], ['OL', 'ABO'], ['OL', 'OLNO'], ['OL', 'OLRB'], ['OL', 'RTR']]"
175,"[['BS', 'BSDH'], ['BS', 'BSSJ'], ['BS', 'BSGB'], ['BS', 'BSNO']]"
176,"[['LB', 'HU']]"
177,"[['SCOE', 'DK'], ['SCOE', 'SCOO']]"
178,"[['DK', 'SCOE'], ['SCOE', 'SCOO'], ['SCOO', 'WOES'], ['WOES', 'AA']]"
179,"[['FMUE', 'GTS'], ['GTS', 'LZVH'], ['LZVH', 'MEGZ'], ['MEGZ', 'MEG'], ['MEG', 'MERL'], ['MERL', 'KUE'], ['KUE', 'IM']]"
180,"[['IM', 'BRGL'], ['IM', 'BRM'], ['IM', 'KUE']]"
181,"[['LB', 'RU']]"
182,"[['AA', 'AAGB'], ['AAGB', 'AAO'], ['AAO', 'ROHS'], ['ROHS', 'RU']]"
183,"[['IM', 'BRGL'], ['IM', 'BRM'], ['IM', 'KUE']]"
184,"[['LP', 'RUS'], ['RUS', 'SY'], ['SY', 'ZIM'], ['ZIM', 'VM'], ['VM', 'VMC'], ['VMC', 'COI'], ['COI', 'CHNE']]"
185,"[['MOR', 'TOL'], ['TOL', 'STP']]"
186,"[['DEN', 'LONB'], ['LONB', 'LTP'], ['LTP', 'LTB'], ['LTB', 'LTAB'], ['LTAB', 'LTE'], ['LTE', 'RENO'], ['RENO', 'REN']]"
187,"[['LS', 'PUN'], ['PUN', 'CVN']]"
188,"[['LS', 'PUN'], ['PUN', 'CVN']]"
189,"[['ROS', 'NEY'], ['ROS', 'MTR']]"
190,"[['MTH', 'GIOV'], ['GIOV', 'CBY'], ['CBY', 'CABV'], ['CABV', 'AGIP'], ['AGIP', 'VIO'], ['VIO', 'VOU'], ['VOU', 'EVOU'], ['EVOU', 'BOU']]"
191,"[['NESE', 'AUV'], ['NESE', 'NEBI']]"
192,"[['LIG', 'TWN']]"
193,"[['SBL', 'CORN']]"
194,"[['LHE', 'REU'], ['LHE', 'SCB']]"
195,"[['HGO', 'SBG'], ['HGO', 'ORDD']]"
197,"[['ZWD', 'WK'], ['ZWD', 'EGL']]"
198,"[['DT', 'GLZB'], ['DT', 'RBLZ'], ['DT', 'SILB']]"
199,"[['TW', 'TWNO'], ['TW', 'ORD'], ['TW', 'ORDD']]"
200,"[['PF', 'ALTD']]"
201,"[['ZWIE', 'ZAU'], ['ZWIE', 'ZEN']]"
202,"[['HG', 'AU'], ['HG', 'ORD']]"
203,"[['ZWIE', 'ZEN'], ['ZEN', 'ZWOL']]"
204,"[['PF', 'ALTD'], ['ALTD', 'LA']]"
205,"[['ZSTH', 'ZHOT'], ['ZSTH', 'ZTB'], ['ZSTH', 'ZUE']]"
206,"[['ZTB', 'ZSTH'], ['ZTB', 'ZK']]"
207,"[['HERL', 'FEWA'], ['FEWA', 'ML']]"
208,"[['MAEN', 'STAE'], ['MAEN', 'UET']]"
209,"[['UER', 'STAE'], ['UER', 'FB']]"
210,"[['FB', 'KPT'], ['FB', 'UER']]"
211,"[['LU', 'DSB'], ['DSB', 'RUET'], ['RUET', 'LINB'], ['LINB', 'LIN']]"
212,"[['GLB', 'OPS'], ['GLB', 'ZOEN'], ['GLB', 'ZOER'], ['GLB', 'TALR']]"
213,"[['GLB', 'OPS'], ['GLB', 'ZOEN'], ['GLB', 'ZOER'], ['GLB', 'TALR']]"
215,"[['SH', 'FT'], ['SH', 'SHGE'], ['SH', 'SHSU']]"
216,"[['MELS', 'FMS'], ['MELS', 'SA']]"
217,"[['WN', 'MH'], ['WN', 'ZB']]"
218,"[['LQ', 'ZIZS'], ['LQ', 'ROR']]"
219,"[['ZSTH', 'ZTB']]"
221,"[['STET', 'NGUT'], ['STET', 'ZHOT']]"
222,"[['DTL', 'HURW'], ['DTL', 'NGUT'], ['DTL', 'WS']]"
223,"[['EF', 'IL'], ['EF', 'KE'], ['EF', 'HUER']]"
224,"[['EF', 'IL'], ['EF', 'KE'], ['EF', 'HUER']]"
225,"[['KE', 'EF'], ['KE', 'TOEM']]"
226,"[['ZWIP', 'ZBST'], ['ZWIP', 'ZVIA']]"
227,"[['ZWIP', 'ZBST'], ['ZWIP', 'ZVIA']]"
228,"[['OP', 'OPS'], ['OP', 'RT'], ['OP', 'ZFH']]"
229,"[['OP', 'OPS'], ['OP', 'RT'], ['OP', 'ZFH']]"
230,"[['WD', 'RIK'], ['RIK', 'ISL']]"
231,"[['SLG', 'BGL'], ['SLG', 'ERL'], ['SLG', 'KRA']]"
232,"[['WF', 'MAER'], ['WF', 'WFKV'], ['WF', 'KHFW'], ['WF', 'WFS']]"
233,"[['OA', 'AW'], ['AW', 'RHW'], ['RHW', 'RH']]"
234,"[['WGR', 'SCAL'], ['WGR', 'WHE'], ['WGR', 'WSEE']]"
235,"[['EL', 'AD'], ['EL', 'SNT']]"
236,"[['SCHZ', 'ALG'], ['SCHZ', 'WILO']]"
237,"[['SG', 'SGF'], ['SGF', 'SGFN'], ['SGFN', 'MOER'], ['MOER', 'HOT'], ['HOT', 'GOL'], ['GOL', 'GOLO'], ['GOLO', 'RSST'], ['RSST', 'RS'], ['RS', 'RSGB'], ['RSGB', 'STA'], ['STA', 'ALRH'], ['ALRH', 'RCK'], ['RCK', 'SMG']]"
238,"[['ORT', 'ALT']]"
239,"[['TRUE', 'NGR'], ['NGR', 'WEI'], ['WEI', 'SEV'], ['SEV', 'RAEF'], ['RAEF', 'BU']]"
240,"[['BU', 'RAEF'], ['BU', 'HAG']]"
241,"[['PFU', 'WWUE']]"
242,"[['UST', 'NAEN'], ['UST', 'AAT']]"
243,"[['GIB', 'WL']]"
244,"[['OSS', 'TLH'], ['OSS', 'STM']]"
245,"[['STR', 'EW'], ['STR', 'EZ']]"
246,"[['EW', 'STM'], ['EW', 'STR'], ['EW', 'SCHN']]"
247,"[['RH', 'RHGB'], ['RHGB', 'RHS'], ['RHS', 'RHSE'], ['RHSE', 'EGN'], ['EGN', 'ARBS'], ['ARBS', 'ARB'], ['ARB', 'STCH'], ['STCH', 'HN'], ['HN', 'RSHF'], ['RSHF', 'RS']]"
248,"[['BROA', 'BRO'], ['BRO', 'WNOR'], ['WNOR', 'WIL']]"
249,"[['TOA', 'MAE'], ['TOA', 'TAEN']]"
250,"[['KAB', 'WA']]"
251,"[['KAB', 'WA']]"
252,"[['IM', 'BRM'], ['BRM', 'GD'], ['GD', 'STNS'], ['STNS', 'STN'], ['STN', 'SCHW'], ['SCHW', 'BRU']]"
253,"[['IM', 'BRM'], ['BRM', 'GD']]"
254,"[['GD', 'BRM'], ['GD', 'GDMF'], ['GD', 'STNS']]"
255,"[['SCHW', 'BRU'], ['SCHW', 'STN']]"
256,"[['BRU', 'FRNZ'], ['FRNZ', 'SKN'], ['SKN', 'SK'], ['SK', 'GRUO'], ['GRUO', 'FL'], ['FL', 'AL']]"
257,"[['BRU', 'FRNZ'], ['FRNZ', 'SKN'], ['SKN', 'SK']]"
258,"[['ER', 'ERNA'], ['ER', 'AS']]"
259,"[['AS', 'ZGRG'], ['AS', 'ER']]"
260,"[['AP', 'RO'], ['AP', 'SORD']]"
261,"[['GIDI', 'BIA'], ['GIDI', 'OS'], ['GIDI', 'POLD']]"
264,"[['BEL', 'BELD'], ['BELD', 'GIUN'], ['GIUN', 'GIU']]"
265,"[['BEL', 'BELD'], ['BELD', 'GIUN'], ['GIUN', 'GIU']]"
266,"[['MDE', 'BISS'], ['MDE', 'MAR'], ['MDE', 'SMAC']]"
267,"[['LG', 'LAMC'], ['LG', 'LGP'], ['LG', 'VEZB']]"
268,"[['CHI', 'BAL']]"
269,"[['BAA', 'BAAN'], ['BAA', 'LITT']]"
270,"[['ZG', 'BAAL'], ['BAAL', 'BAAN'], ['BAAN', 'BAA']]"
271,"[['BAA', 'BAAN'], ['BAAN', 'BAAL'], ['BAAL', 'ZG']]"
272,"[['ZG', 'BAAL'], ['ZG', 'ZGSE'], ['ZG', 'ZGPP']]"
273,"[['ZG', 'ZGPP'], ['ZGPP', 'ZGCA'], ['ZGCA', 'ZGFR'], ['ZGFR', 'ZGO'], ['ZGO', 'WCHN'], ['WCHN', 'WCHO'], ['WCHO', 'WCHW'], ['WCHW', 'GDMF'], ['GDMF', 'GD']]"
274,"[['BN', 'BNO'], ['BN', 'BWYW'], ['BN', 'JKLM']]"
275,"[['KZ', 'KZPP'], ['KZPP', 'FRAE'], ['FRAE', 'KAL'], ['KAL', 'BRG'], ['BRG', 'ABE'], ['ABE', 'LYGR'], ['LYGR', 'LY']]"
276,"[['DN', 'WAA'], ['DN', 'LUT']]"
277,"[['OLH', 'OL'], ['OLH', 'WBOL']]"
278,"[['OL', 'OLH'], ['OL', 'ABO'], ['OL', 'OLNO'], ['OL', 'OLRB'], ['OL', 'RTR']]"
279,"[['WKD', 'LGUS'], ['LGUS', 'LGUT'], ['LGUT', 'AESP'], ['AESP', 'WANZ'], ['WANZ', 'RTR'], ['RTR', 'OL'], ['OL', 'ABO']]"
281,"[['BN', 'BWYW'], ['BWYW', 'BWY']]"
282,"[['ZAE', 'BOW']]"
283,"[['ZF', 'BRIT'], ['BRIT', 'REID'], ['REID', 'DAG'], ['DAG', 'NEBN'], ['NEBN', 'NEB'], ['NEB', 'WAU'], ['WAU', 'STER'], ['STER', 'SS'], ['SS', 'SSS'], ['SSS', 'OBK'], ['OBK', 'NO'], ['NO', 'SEM'], ['SEM', 'RBG'], ['RBG', 'RBGD'], ['RBGD', 'HUEB'], ['HUEB', 'GSAG'], ['GSAG', 'EBR']]"
284,"[['BS', 'BSDH'], ['BS', 'BSSJ'], ['BS', 'BSGB'], ['BS', 'BSNO']]"
285,"[['ZF', 'KGD'], ['KGD', 'WAST'], ['WAST', 'SAF']]"
286,"[['SUHR', 'OEF']]"
287,"[['LB', 'HU'], ['LB', 'GEXI'], ['LB', 'RU'], ['LB', 'SENO'], ['LB', 'SE']]"
288,"[['SINS', 'MUEH'], ['SINS', 'OI']]"
289,"[['MI', 'BNZ']]"
290,"[['MI', 'BNZ']]"
291,"[['EBI', 'BURN'], ['EBI', 'ROTS']]"
292,"[['EBI', 'BURN'], ['EBI', 'ROTS']]"
293,"[['GE', 'GEVO'], ['GE', 'SJ']]"
294,"[['MOR', 'STJ'], ['MOR', 'TOL']]"
295,"[['DEN', 'LONB'], ['LONB', 'LONA'], ['LONA', 'LON'], ['LON', 'STJ'], ['STJ', 'MOR']]"
296,"[['REN', 'RENO'], ['RENO', 'LTE'], ['LTE', 'LTAB'], ['LTAB', 'LTB'], ['LTB', 'LTP'], ['LTP', 'LONB'], ['LONB', 'DEN']]"
297,"[['LS', 'PUN'], ['PUN', 'CVN']]"
298,"[['TUR', 'LK'], ['TUR', 'GA']]"
299,"[['STDG', 'IS']]"
300,"[['CORN', 'CRNE'], ['CORN', 'SBL']]"
301,"[['MOU', 'CT'], ['MOU', 'CHZ']]"
302,"[['WE', 'BDO'], ['WE', 'BD'], ['WE', 'NHOF'], ['WE', 'WUER']]"
303,"[['ZUE', 'ZLST'], ['ZUE', 'ZSTH'], ['ZUE', 'ZWEH']]"
304,"[['ZAS', 'EINF'], ['ZAS', 'HRD'], ['ZAS', 'ZAFH'], ['ZAS', 'ZHDB'], ['ZAS', 'ZHER'], ['ZAS', 'ZVB'], ['ZAS', 'ZVBW'], ['ZAS', 'ZMUE']]"
305,"[['WAE', 'AU'], ['WAE', 'RI']]"
306,"[['PF', 'FRB'], ['PF', 'ALTD']]"
307,"[['RG', 'BIL']]"
308,"[['RUES', 'KIL'], ['RUES', 'TWNO']]"
309,"[['ZB', 'BIL'], ['ZB', 'SCAE'], ['ZB', 'NOU'], ['ZB', 'WN']]"
310,"[['STAE', 'MAEN'], ['STAE', 'UER']]"
311,"[['UET', 'ML'], ['UET', 'MAEN']]"
313,"[['SH', 'FT'], ['SH', 'SHGE'], ['SH', 'SHSU']]"
314,"[['GF', 'EGL'], ['GF', 'BUE']]"
315,"[['JE', 'FISH'], ['FISH', 'NHRH'], ['NHRH', 'NH']]"
316,"[['EGL', 'HUEW']]"
317,"[['RZ', 'LOT'], ['RZ', 'HUEW']]"
318,"[['KE', 'TOEM'], ['TOEM', 'TOST'], ['TOST', 'WFOE'], ['WFOE', 'WWE'], ['WWE', 'W']]"
319,"[['OP', 'RT'], ['RT', 'KLB'], ['KLB', 'KL']]"
320,"[['KL', 'KLB'], ['KL', 'DORF']]"
321,"[['OWTU', 'OWTO']]"
322,"[['RIK', 'ISL'], ['RIK', 'WD']]"
323,"[['ISL', 'FF'], ['ISL', 'RIK']]"
324,"[['WF', 'MAER'], ['WF', 'WFKV'], ['WF', 'KHFW'], ['WF', 'WFS']]"
325,"[['BGL', 'SLG']]"
326,"[['SLG', 'BGL'], ['SLG', 'ERL'], ['SLG', 'KRA']]"
327,"[['WGR', 'SCAL'], ['WGR', 'WHE'], ['WGR', 'WSEE']]"
328,"[['WGR', 'SCAL'], ['WGR', 'WHE'], ['WGR', 'WSEE']]"
329,"[['GSS', 'BUDZ'], ['GSS', 'GSSO'], ['GSS', 'SGWI']]"
330,"[['SGF', 'SGFN'], ['SGF', 'SG']]"
331,"[['RTH', 'ORT']]"
332,"[['ARN', 'GSSO'], ['ARN', 'HPT']]"
333,"[['HET', 'HGT'], ['HGT', 'AN'], ['AN', 'MEDE'], ['MEDE', 'MTL'], ['MTL', 'MTLN'], ['MTLN', 'DA'], ['DA', 'SLF'], ['SLF', 'NH'], ['NH', 'SHSU'], ['SHSU', 'SH']]"
334,"[['AN', 'HGT'], ['AN', 'MEDE']]"
335,"[['BUB', 'RUE'], ['BUB', 'WZ']]"
336,"[['FET', 'WITZ'], ['WITZ', 'PFZ'], ['PFZ', 'KN'], ['KN', 'WZ']]"
337,"[['SH', 'FT']]"
338,"[['STR', 'EW'], ['STR', 'EZ']]"
339,"[['MAM', 'EZ'], ['MAM', 'STK']]"
340,"[['BERG', 'AHAU'], ['BERG', 'KHFN']]"
342,"[['KAB', 'WA']]"
343,"[['ER', 'ERNA'], ['ER', 'AS']]"
344,"[['GU', 'PFAF'], ['GU', 'ZGRG']]"
345,"[['GOE', 'EGW'], ['GOE', 'GOTN']]"
346,"[['SORD', 'AI'], ['SORD', 'AP']]"
347,"[['LAV', 'CHIG'], ['LAV', 'PIA']]"
348,"[['POLN', 'BIA'], ['BIA', 'GIDI']]"
349,"[['CAST', 'CASI'], ['CAST', 'BELN'], ['CAST', 'CASN']]"
350,"[['BEL', 'BELD'], ['BELD', 'GIUN'], ['GIUN', 'GIU']]"
351,"[['VEZB', 'LG'], ['LG', 'LGP'], ['LGP', 'LGPC'], ['LGPC', 'SMAC'], ['SMAC', 'MDE'], ['MDE', 'MAR'], ['MAR', 'CAP']]"
352,"[['LG', 'LAMC'], ['LG', 'LGP'], ['LG', 'VEZB']]"
353,"[['LG', 'LAMC'], ['LG', 'LGP'], ['LG', 'VEZB']]"
354,"[['ZG', 'BAAL'], ['ZG', 'ZGSE'], ['ZG', 'ZGPP']]"
355,"[['GREL', 'DUG']]"
356,"[['BNBS', 'BNAS'], ['BNAS', 'BNSH'], ['BNSH', 'BNWM'], ['BNWM', 'JKLM'], ['JKLM', 'BN']]"
357,"[['BNBS', 'NWA'], ['NWA', 'OWA'], ['OWA', 'THO'], ['THO', 'THOD'], ['THOD', 'FLM']]"
358,"[['LY', 'BUS'], ['LY', 'LYGR'], ['LY', 'SUB']]"
359,"[['OST', 'GUE'], ['OST', 'WKD']]"
360,"[['LGUT', 'LGUS'], ['LGUS', 'WKD'], ['WKD', 'OST']]"
361,"[['UTI', 'KI']]"
362,"[['ABO', 'OL'], ['OL', 'RTR'], ['RTR', 'WANZ'], ['WANZ', 'AESP'], ['AESP', 'LGUT']]"
363,"[['WAA', 'DN'], ['WAA', 'NB']]"
364,"[['PIE', 'BIBD'], ['PIE', 'LEN']]"
365,"[['BIM', 'BIMA'], ['BIM', 'BI']]"
366,"[['WBOL', 'HAE'], ['WBOL', 'OLH']]"
367,"[['HB', 'RTW']]"
368,"[['WH', 'WST'], ['WST', 'SCHA']]"
369,"[['ZF', 'ABOS'], ['ABOS', 'ABO']]"
370,"[['SS', 'SSS'], ['SS', 'STER']]"
371,"[['RBG', 'RBGD'], ['RBG', 'SEM']]"
372,"[['BS', 'BSNO'], ['BSNO', 'MU'], ['MU', 'MUOS'], ['MUOS', 'LSTN'], ['LSTN', 'LST'], ['LST', 'LSN'], ['LSN', 'IT'], ['IT', 'SIS'], ['SIS', 'GKD'], ['GKD', 'TK'], ['TK', 'HBTN'], ['HBTN', 'HBTS'], ['HBTS', 'OLTU'], ['OLTU', 'OLN'], ['OLN', 'OLNO'], ['OLNO', 'OL']]"
373,"[['BS', 'BSDH'], ['BS', 'BSSJ'], ['BS', 'BSGB'], ['BS', 'BSNO']]"
374,"[['BS', 'BSDH'], ['BS', 'BSSJ'], ['BS', 'BSGB'], ['BS', 'BSNO']]"
375,"[['OEF', 'KK'], ['OEF', 'SUHR']]"
376,"[['KK', 'OEF']]"
377,"[['OLN', 'OLNO'], ['OLN', 'OLRB'], ['OLN', 'OLVL'], ['OLN', 'OLTU'], ['OLN', 'TRI']]"
378,"[['LZVH', 'MEGZ']]"
379,"[['MERL', 'MEG'], ['MERL', 'KUE']]"
380,"[['LZVH', 'MEGZ'], ['MEGZ', 'MEG'], ['MEG', 'MERL'], ['MERL', 'KUE'], ['KUE', 'IM']]"
381,"[['HDK', 'GEXI'], ['HDK', 'DOT'], ['HDK', 'OTH']]"
382,"[['WO', 'DOTU'], ['WO', 'WALS']]"
383,"[['FMUE', 'ROTS']]"
385,"[['CL', 'VERX'], ['VERX', 'MX']]"
386,"[['VIL', 'ROC'], ['ROC', 'AIG'], ['AIG', 'ST'], ['ST', 'BEX'], ['BEX', 'PDS'], ['PDS', 'SM']]"
387,"[['RAR', 'GA'], ['RAR', 'STGE']]"
388,"[['BR', 'BRTU'], ['BRTU', 'STDG']]"
389,"[['LHE', 'REU'], ['LHE', 'SCB']]"
390,"[['BU', 'RAEF'], ['RAEF', 'SEV'], ['SEV', 'WEI'], ['WEI', 'NGR'], ['NGR', 'TRUE'], ['TRUE', 'SA'], ['SA', 'MELS'], ['MELS', 'FMS'], ['FMS', 'WAL'], ['WAL', 'MOLS'], ['MOLS', 'UNT'], ['UNT', 'MG'], ['MG', 'TIEF'], ['TIEF', 'MH'], ['MH', 'WN'], ['WN', 'ZB'], ['ZB', 'SCAE'], ['SCAE', 'BNK'], ['BNK', 'UZ'], ['UZ', 'SCME'], ['SCME', 'BOL'], ['BOL', 'BLU'], ['BLU', 'RWOS'], ['RWOS', 'RW'], ['RW', 'RNOS'], ['RNOS', 'JO'], ['JO', 'RUE'], ['RUE', 'BUB'], ['BUB', 'WZ'], ['WZ', 'KN'], ['KN', 'PFZ'], ['PFZ', 'WITZ'], ['WITZ', 'FET'], ['FET', 'FETI'], ['FETI', 'IL'], ['IL', 'EF'], ['EF', 'KE'], ['KE', 'TOEM'], ['TOEM', 'TOST'], ['TOST', 'WFOE'], ['WFOE', 'WWE'], ['WWE', 'W']]"
391,"[['SBG', 'HGO'], ['SBG', 'LITT']]"
392,"[['KLW', 'KLWL'], ['KLW', 'RBLK'], ['KLW', 'RBLN'], ['KLW', 'SILB'], ['KLW', 'WUER'], ['KLW', 'LANG']]"
393,"[['DT', 'GLZB'], ['DT', 'RBLZ'], ['DT', 'SILB']]"
394,"[['ZAS', 'EINF'], ['ZAS', 'HRD'], ['ZAS', 'ZAFH'], ['ZAS', 'ZHDB'], ['ZAS', 'ZHER'], ['ZAS', 'ZVB'], ['ZAS', 'ZVBW'], ['ZAS', 'ZMUE']]"
395,"[['KLW', 'LANG'], ['LANG', 'MELH']]"
396,"[['SIB', 'LA'], ['SIB', 'SCBU']]"
397,"[['STAE', 'MAEN'], ['STAE', 'UER']]"
398,"[['FB', 'KPT'], ['KPT', 'RWNO'], ['RWNO', 'RW']]"
399,"[['HERL', 'FEWA'], ['HERL', 'WIN']]"
400,"[['WIN', 'HERL']]"
401,"[['UER', 'STAE'], ['UER', 'FB']]"
402,"[['RW', 'RWOS'], ['RWOS', 'BLU']]"
403,"[['HRD', 'ZBST'], ['ZBST', 'ZOER']]"
404,"[['BUE', 'GF'], ['GF', 'EGL']]"
405,"[['BUE', 'EMB'], ['BUE', 'NG'], ['BUE', 'GF']]"
406,"[['NH', 'NHRH'], ['NH', 'SLF'], ['NH', 'SHSU']]"
407,"[['WN', 'MH'], ['WN', 'ZB']]"
408,"[['MOLS', 'UNT']]"
409,"[['LQ', 'ZIZS'], ['LQ', 'ROR']]"
410,"[['WWE', 'W']]"
411,"[['BSD', 'HUER'], ['BSD', 'DORF']]"
412,"[['BSD', 'HUER'], ['BSD', 'DORF']]"
413,"[['SG', 'SGGB'], ['SG', 'SGF']]"
414,"[['SG', 'SGF'], ['SGF', 'SGFN'], ['SGFN', 'MOER'], ['MOER', 'HOT'], ['HOT', 'GOL'], ['GOL', 'GOLO'], ['GOLO', 'RSST'], ['RSST', 'RS'], ['RS', 'RSGB'], ['RSGB', 'STA'], ['STA', 'ALRH'], ['ALRH', 'RCK'], ['RCK', 'SMG']]"
415,"[['RS', 'RSST']]"
416,"[['RCK', 'ALRH'], ['RCK', 'SMG']]"
417,"[['SEV', 'WEI'], ['WEI', 'NGR'], ['NGR', 'TRUE']]"
418,"[['BZN', 'SIT'], ['BZN', 'KRA']]"
419,"[['WZ', 'KN']]"
420,"[['SEU', 'DIH']]"
421,"[['OWT', 'WWAL'], ['WWAL', 'REUT'], ['REUT', 'SEU'], ['SEU', 'DIH'], ['DIH', 'TLH'], ['TLH', 'OSS'], ['OSS', 'STM'], ['STM', 'EW'], ['EW', 'STR']]"
422,"[['OWT', 'WWAL'], ['WWAL', 'REUT'], ['REUT', 'SEU']]"
423,"[['ARB', 'STCH'], ['STCH', 'HN']]"
424,"[['WF', 'KHFW'], ['KHFW', 'KHF']]"
425,"[['BRU', 'FRNZ'], ['FRNZ', 'SKN'], ['SKN', 'SK'], ['SK', 'GRUO'], ['GRUO', 'FL'], ['FL', 'AL']]"
426,"[['FL', 'AL'], ['FL', 'GRUO']]"
427,"[['RYN', 'AL'], ['RYN', 'RYUE']]"
428,"[['ER', 'ERNA'], ['ER', 'AS']]"
429,"[['BO', 'POLN'], ['BO', 'GIOC']]"
430,"[['BO', 'POLN'], ['BO', 'GIOC']]"
431,"[['BO', 'POLN'], ['BO', 'GIOC']]"
432,"[['BEL', 'BELD'], ['BELD', 'GIUN'], ['GIUN', 'GIU']]"
433,"[['BEL', 'BELD'], ['BELD', 'GIUN'], ['GIUN', 'GIU']]"
434,"[['CHI', 'BAL']]"
435,"[['CD', 'CDO'], ['CD', 'SAN']]"
436,"[['CD', 'CDO'], ['CD', 'SAN']]"
437,"[['CHAM', 'CHAA'], ['CHAM', 'HUZY']]"
438,"[['ZG', 'ZGPP'], ['ZGPP', 'ZGCA'], ['ZGCA', 'ZGFR'], ['ZGFR', 'ZGO'], ['ZGO', 'WCHN'], ['WCHN', 'WCHO'], ['WCHO', 'WCHW'], ['WCHW', 'GDMF'], ['GDMF', 'GD']]"
439,"[['GREL', 'DUG']]"
440,"[['OL', 'RTR'], ['RTR', 'WANZ'], ['WANZ', 'AESP'], ['AESP', 'MATA'], ['MATA', 'SCHB'], ['SCHB', 'ZOL'], ['ZOL', 'MUEB'], ['MUEB', 'SCUE'], ['SCUE', 'SUB'], ['SUB', 'LY'], ['LY', 'BUS'], ['BUS', 'STU'], ['STU', 'BGG'], ['BGG', 'MAD'], ['MAD', 'BI']]"
441,"[['OB', 'EG'], ['OB', 'OEN']]"
442,"[['LUT', 'DN'], ['LUT', 'SO']]"
443,"[['SO', 'SW']]"
444,"[['OEN', 'NB'], ['NB', 'WAA']]"
445,"[['OLH', 'OL'], ['OLH', 'WBOL']]"
446,"[['OLH', 'OL'], ['OL', 'RTR'], ['RTR', 'WANZ'], ['WANZ', 'INKV'], ['INKV', 'SO']]"
447,"[['HB', 'LTHW'], ['LTHW', 'LTG'], ['LTG', 'LTH']]"
449,"[['LTH', 'LTG'], ['LTG', 'LTHW'], ['LTHW', 'HB']]"
450,"[['LN', 'TSCH'], ['TSCH', 'WIG'], ['WIG', 'ESCH'], ['ESCH', 'SCHH']]"
451,"[['ZF', 'ABOS'], ['ZF', 'BRIT'], ['ZF', 'KGD']]"
452,"[['EBR', 'FMUE'], ['EBR', 'GSAG']]"
453,"[['LZ', 'LZEF'], ['LZEF', 'HEIM'], ['HEIM', 'GTS'], ['GTS', 'FMUE'], ['FMUE', 'EBR']]"
454,"[['EBR', 'FMUE']]"
455,"[['LZ', 'LZEF']]"
456,"[['OL', 'OLH'], ['OL', 'ABO'], ['OL', 'OLNO'], ['OL', 'OLRB'], ['OL', 'RTR']]"
457,"[['PR', 'FRE']]"
458,"[['SAF', 'WAST']]"
459,"[['OL', 'OLH'], ['OL', 'ABO'], ['OL', 'OLNO'], ['OL', 'OLRB'], ['OL', 'RTR']]"
460,"[['MEG', 'MEGZ'], ['MEG', 'MERL']]"
461,"[['OTH', 'HDK'], ['HDK', 'DOT'], ['DOT', 'DOTU'], ['DOTU', 'WO'], ['WO', 'WALS'], ['WALS', 'BOSP'], ['BOSP', 'BOS'], ['BOS', 'MI'], ['MI', 'BNZ'], ['BNZ', 'MUEH'], ['MUEH', 'SINS'], ['SINS', 'OI']]"
462,"[['RK', 'RKSO'], ['RKSO', 'BRGL'], ['BRGL', 'IM']]"
