Region,project,bp_from,bp_to,km from,km to,distance,Bemerkungen,date from,date to,amount of weeks,Umsetzung /  Intervalltyp / Umleitung,reduction of capacity,bis_geopos,von Betriebspunkt
RWT,Puidoux - Palézieux  : Wako lot 2.1,PUI,PAL,,,,,1/1/2023,6/29/2024,78,Sperre Strecke Nacht,0.5,"46.5427635573, 6.83787521203",Palézieux,2
RWT,Palézieux : Wako lot 2.2,,,,,,,1/1/2024,12/29/2024,52,,,,,404
? : ne correspond pas à Railsys,,,,,,,,,,,,,,,404
RWT,Viaduc de la Paudèze,PU,CU,0.85,4.144,-3.294,"EP terminée, B. Miraton",1/8/2024,12/31/2025,104,Sperre Strecke 24 Std,0.5,"46.4885617736, 6.72715145406",Cully,3
RWT,"MX-TER, PS Rue d'Etraz",MX,TER,23.806,28.644,-4.838,"EP treminée, D. Luce",1/1/2024,12/29/2024,52,Sperre Strecke Nacht,0.5,"46.4263815833, 6.9227068988",Territet,2
RWT,FbE24 MX-VIL_V_633_637,VIL,MX,28.61,24.027,4.583,,7/8/2024,4/13/2025,40,Sperre Strecke Nacht,0.25,"46.4358843229, 6.91044006944",Montreux,2
RWT,"Brig, tunnel du Simplon - assainissement du tube 1",BR,STDG,157.729,166.869,-9.14,1 tube en 2023 1 tube en 2024,1/1/2023,12/2/2023,48,Sperre Strecke 24 Std,0.5,"46.2723377046, 8.09349478399",Staz della Galleria Sempione,3
RWT,Chavornay - boucle Travys,CHV,CHV,,,,Acerra Mariangela / prévu SAP 2023 +3mio 2024,1/1/2023,5/18/2024,72,Sperre Strecke Nacht,0.25,"46.7100845475, 6.56816325981",Chavornay,2
RWT,"LHE, assainissement pont Le Paradis",LHE,LHE,44.65,,,Frédéric Restani,1/1/2024,12/29/2024,52,Sperre Strecke Tag,0.5,"47.1894917627, 7.22539576798",La Heutte,1
RWT,,,,,,,,,,,,,,,404
ROT,AS35 ZSEB Kreuzungsgleis G 750m,ZSEB,ZSEB,,,,Anpassung gesamt Bhf Anlage,1/1/2025,11/16/2027,150,Umsetzung,0.25,"47.4187500474, 8.54466018901",Zürich Seebach,0
ROT,ZUE Gesamterneuerung Brücke km 1.89 (Ev. Hardbrücke?),ZUE,ZUE,,,,,1/1/2031,11/30/2032,100,Umsetzung,,"47.3781766923, 8.54021233623",Zürich HB,0
ROT,Unterführung Langstrasse,ZUE,,,,,Projekt Stadt ZUE: Anpassung Kabelkanal,1/1/2023,11/30/2024,100,Sperre Bahnhof Nacht,,,,5
ROT,Stw Ersatz KLW (2030?),KLW,KLW,,,,Stw. Ersatz DO 67: 2027-30,6/22/2027,12/2/2030,180,Umsetzung,,"47.4333288409, 8.35421393402",Killwangen-Spreitenbach,0
ROT,Stw Ersatz SCHL (2028?),SCHL,SCHL,,,,Stw. Ersatz DO 67: 2027-30,6/22/2027,12/2/2030,180,Umsetzung,,"47.3991763687, 8.44724501036",Schlieren,0
ROT,"FbE24 SCHL_Gl.51, 52, 62, W71, W72 (ex 2022)",SCHL,SCHL,,,,Koo mit Pdu Goldschlägi,8/25/2024,9/21/2024,4,Sperre Strecke Nacht,0.5,"47.3991763687, 8.44724501036",Schlieren,2
ROT,Cluster Heitersberg,KLW,MELH,,,,,7/1/2023,9/8/2023,10,Sperre Strecke 24 Std,1,"47.4280750785, 8.27636329083",Mellingen Heitersberg,3
ROT,Stw Ersatz ZWOL,ZWOL,ZWOL,,,,,1/1/2027,11/30/2028,100,Umsetzung,,"47.34744029, 8.53360098792",Zürich Wollishofen,0
ROT,FbE24:TW W 3-11,TW,TW,,,2.1,"voraussichtlich 3 - 4 WE, Klärung ob Radien noch konform läuft bei                                    Stefan Gasser",10/20/2024,11/16/2024,4,Umsetzung,0.5,"47.2959813712, 8.56476944831",Thalwil,0
ROT,FbE26: RG-BIL Gl.152 (ex FbE21),RG,BL,,,3.267,2 KW Einspur,3/22/2026,5/30/2026,10,Sperre Strecke Tag,0.5,"46.5289636663, 7.67555743661",Blausee-Mitholz,1
ROT,Sanierung Riesbachtunnel,ZSTH,ZTB,,,0,,6/1/2025,10/4/2025,18,Umsetzung,,"47.3501246373, 8.56138988846",Zürich Tiefenbrunnen,0
ROT,Totalsperrung Riesbachtunnel,ZSTH,ZTB,,,0,,7/14/2025,8/10/2025,4,Sperre Strecke 24 Std,1,"47.3501246373, 8.56138988846",Zürich Tiefenbrunnen,3
ROT,KUES-RW Erneuerung FS und Beleuchtung,KUES,RW,,,0,evtl. Cluster 4 Wo Sommer 26 Totalsperre,1/1/2024,10/15/2028,250,Umsetzung,,"47.2248871845, 8.81674495291",Rapperswil,0
ROT,ERLB Stw Ersatz,ERLB,ERLB,,,0,,1/1/2025,12/1/2026,100,Umsetzung,,"47.3057919232, 8.59152235647",Erlenbach ZH,0
ROT,"BehiG NID, LU, DSB, RUET, LINB, LIN",NID,LIN,,,0,"Pilot mit TU, Ziel Vorzug Umsetzung in Totalsperrung 2023",1/1/2026,10/7/2026,40,Umsetzung,,"46.9255635637, 8.9977948688",Linthal,0
ROT,"FbE24: GLB Gl: 23, 42, 43-3-56, W 5/6",GLB,GLB,,,2.3,Int. Konzept anfragen,5/1/2024,7/2/2024,9,Sperre Bahnhof Nacht,0.25,"47.4308267427, 8.55885413606",Glattbrugg,5
ROT,"FbE24 HRD: Gl.51, 52, W 2-5",HRD,HRD,,,0,Kann nicht mit ZWIP Sperre umgesetzt werden,1/1/2025,2/25/2025,8,Umsetzung,,"47.3915284925, 8.51144653427",Hard Käferberg (Abzw),0
ROT,Stw Ersatz FMS,FMS,FMS,,,0,,1/1/2025,12/1/2026,100,Umsetzung,,"47.0966166348, 9.34792927358",Flums,0
ROT,ZUE-CH div. Brückenplatten,ZUE,CH,,,0,,1/1/2029,10/31/2032,200,Umsetzung,,"46.853084163, 9.52893771993",Chur,0
ROT,"FbE26: FMS Gl. 42-2-72, W17, 18, 23-25 (evtl. Cluster mit BhiG)",FMS,FMS,,,0,Schieben max bis 2028 mit Massnahmen (Lüönd schiebt D auf 26),10/15/2026,12/16/2026,9,Sperre Bahnhof Nacht,0.25,"47.0966166348, 9.34792927358",Flums,5
ROT,OP-ZFH Teilern Flughafentunnel,OP,ZFH,,,0,,1/1/2025,12/9/2025,49,Sperre Bahnhof 24 Std,0.25,"47.4503856566, 8.56240184756",Zürich Flughafen,6
ROT,FbE26 ZOER-ZFH Gl100/200 (ex FbE22),OP,ZFH,,,4.5,ev. Cluster mit 750-1? 2x2 Wo Einspurbetrieb in FbE22 geplant,1/1/2026,3/25/2026,12,Umsetzung,,"47.4503856566, 8.56240184756",Zürich Flughafen,0
ROT,FbE25 ZFH-DORF Gl 100/200 (ex FbE21),ZFH,DORF,,,1.075,Wochenendsperrung,5/8/2025,5/21/2025,2,Sperre Strecke 24 Std,0.5,"47.4433780357, 8.60956981715",Dorfnest (Abzw),3
ROT,AS35 Brüttenertunnel Abschnitt WS-HUER,WS,HUER,,,0,,1/1/2026,8/31/2033,400,Umsetzung,0.25,"47.4224509409, 8.66343003186",Hürlistein (Abzw),0
ROT,W Abstellanlage Lindareal,W,W,,,0,Studienstart April 2020,1/1/2035,7/13/2036,80,Umsetzung,,"47.5003337739, 8.72382110762",Winterthur,0
ROT,"FbE24: HUER 110,112,114, Gl. 2-22+23",HUER,HUER,,,2.6,"Schlüsselprojekt, WS erforderlich, pro W 1 WE (Sperrperimeter Gl 22-72 / 23-73), Umbau Gl in 8 Std Intervallen möglich",1/1/2024,3/10/2024,10,Umsetzung,,"47.4224509409, 8.66343003186",Hürlistein (Abzw),0
ROT,AS35 FF Güterannahmegleis und Wendegleis FV 420m,FF,FF,,,0,,1/1/2026,12/29/2027,104,Umsetzung,,"47.5581634412, 8.89655962127",Frauenfeld,0
ROT,MUEL BehiG,MUEL,MUEL,,,0,,10/1/2024,9/15/2025,50,Umsetzung,,"47.5881645738, 9.01552204188",Müllheim-Wigoltingen,0
ROT,AS35 SLG-WF ZFZ,SLG,WF,,,0,Studie mit 840-6,1/1/2028,11/30/2029,100,Umsetzung,,"47.5662242454, 9.10636820814",Weinfelden,0
ROT,EdV WGR-SIR Perronverlängerung 320m,WGR,SIR,,,0,"aufwändige Bhfe: SCHK, AD, GUN, SIR",1/1/2027,4/4/2030,170,Umsetzung,,"47.4619971136, 9.00047421982",Sirnach,0
ROT,GSS Erweiterung Gleisanlage GV,GSS,GSS,,,0,,1/1/2024,10/6/2024,40,Umsetzung,,"47.4118315691, 9.25305071952",Gossau SG,0
ROT,SGWI Stw Ersatz,SGWI,SGWI,,,0,,1/1/2027,11/30/2028,100,Umsetzung,,"47.4039294299, 9.300860239",St Gallen Winkeln,0
ROT,AS35 W-SG ZFZ,WGR,SG,,,0,,1/1/2026,9/6/2028,140,Umsetzung,,"47.4231789578, 9.36989672929",St Gallen,0
ROT,6 Durchlässe AD-GSS,GUN,GSS,,,0,6 Durchlässe (gem PoMa)                                              GUN-AD Ersatz Bdu 121.326                  ALG-SCHZ Ersatz Du 104.251                 UZW-ALG Teilern Du 101.822                   UZW-ALG Teilern Bdu 98.366              GSS-BUDZ Teilern Bdu 91.319,1/1/2026,10/7/2026,40,Umsetzung,,"47.4118315691, 9.25305071952",Gossau SG,0
ROT,FsE GSS-SLG,GSS,SLG,,,0,"22 km FsE, 780 Fundamente, vorgesehen FsE24/25",1/1/2024,11/30/2025,100,Umsetzung,,"47.5388040261, 9.18369439908",Sulgen,0
ROT,"FbE24 HGT Gl1-51, 2-52",HGT,HGT,,,0,,1/1/2024,2/25/2024,8,Umsetzung,,"47.5642572262, 8.68507519504",Henggart,0
ROT,FsE22 O 769 WTOE-EMB Erneuerung ULK,WTOE,EMB,,,0,"ohne RS Dossier Verantwortung PM, ev Restarbeiten im 2024",1/1/2023,6/8/2024,75,Umsetzung,,"47.5205902494, 8.58706883565",Embrach-Rorbas,0
ROT,"AS35 DUE-UST-AAT ZFZ und DS, 2 Ersatz BUe Zürcherstr. / Winterthurerstr.",UST,AAT,,,0,"1. TP: 5 Wo Sommer 2027 Totalsperrung, zwingend Rest Randstd, 2. TP ca. 2 WE Sperrungen (2 Brücken), ev Stw Ersatz UST",6/1/2026,11/11/2029,180,Sperre Strecke Nacht,0.25,"47.3359591251, 8.76562510867",Aathal,2
ROT,"FbE24 UST Gl 3-43, W13",UST,UST,,,0,Fpl Konzept nötig (Ausfall wendende S9),1/1/2024,2/11/2024,6,Sperre Bahnhof Nacht,,"47.3503689645, 8.71870911871",Uster,5
ROT,FsE EF-WZ,EF,WZ,,,0,"24 km FL, 680 Fundamente",1/1/2024,11/30/2025,100,Sperre Strecke Nacht,0.25,"47.3180315958, 8.79228970642",Wetzikon,2
ROT,FsE OWT-EW,SEU,EW,,,0,"Abschnitt 3 SEU-EW, soll als Einzelprojekt beauftragt werden",1/1/2023,10/31/2026,200,Sperre Bahnhof Tag,0.5,"47.6611446979, 8.81861733248",Etzwilen,4
ROT,FT BehiG,FT,FT,,,0,"vorgesehen BZU Paket 3 2026+, möglicher Cluster mit FbE FT Gl1,2,10, W2,3",1/1/2026,10/16/2030,250,Umsetzung,,"47.6921694419, 8.645968468",Feuerthalen,0
ROT,AS35 KR Kapazitätserweiterung S44,KR,KR,60.4,60.8,0,Temp. Ausserbetriebnahme Gl. 4,1/1/2024,10/6/2024,40,Sperre Bahnhof Nacht,0.25,"47.6525527757, 9.16908040533",Kreuzlingen,5
ROT,FbE24_EW_Gl_4_5_33_W_12-17 (ex FbE22),EW,EW,,,1.579,Projektierungsvarianten: WE 54h oder Nacht 8h,3/1/2024,4/25/2024,8,Sperre Bahnhof Nacht,1,"47.6611446979, 8.81861733248",Etzwilen,5
ROT,FbE25 STR-EZ Gl 535 (ex FbE22),STR,EZ,,,1.327,Intervallvarianten: à 8h oder Wochenendsperrung à 54h,5/1/2025,6/25/2025,8,Sperre Strecke Nacht,1,"47.6454121293, 8.87656168183",Eschenz,2
ROT,AS35 Kreuzungsstation TOA oder TAEN (unklar wo?),TAEN,TAEN,,,0,ob TOA oder TAE ist unklar (je nach Unterlagen)!,1/1/2029,10/31/2032,200,Umsetzung,,"47.5093638855, 9.02479323479",Tägerschen,0
ROT,FbE25 SHAU-LENG Gl 732 (ex FbE20),SHAU,LENG,,,0,Totalsperrung geplant im 2020,1/10/2025,3/6/2025,8,Sperre Strecke 24 Std,1,"47.6255977915, 9.19028315307",Lengwil,3
ROT,FbE 24: Gl. 832: UZ - KAB,UZ,KAB,,,2.558,Zeitlich parallell zu Druckgelenksanierung Rickentunnel,9/10/2024,12/2/2024,12,Sperre Strecke Nacht,0.25,"47.2179832172, 9.0224310375",Kaltbrunn,2
ROT,AS35 LUET Kreuzungsstation,LUET,LUET,,,0,,1/1/2029,11/16/2031,150,Umsetzung,,"47.3838286581, 9.07068713915",Lütisburg,0
RSD,IM-BRU Unterhaltsfenster,IM,BRU,1,20.9,19.9,Unterhaltsfenster,5/5/2024,5/18/2024,2,Sperre Strecke Nacht,0.5,"46.9991749495, 8.61006762236",Brunnen,2
RSD,FbE24_GD_W_74-75-119-120-121_GL_15-39-76,GD,GD,8.6,9.1,0.5,FbE24,6/3/2024,6/30/2024,4,Sperre Bahnhof Tag,0.25,"47.049044874, 8.54944633996",Arth-Goldau,4
RSD,"STN-GD, 15kV Speisung Anpassungen",GD,SCHW,8.6,18.6,10,FS,1/1/2023,7/27/2024,82,Sperre Bahnhof Nacht,0.5,"47.0263971725, 8.6321517606",Schwyz,5
RSD,BZU23_Göschenen,GOE,GOE,70.35,70.55,,BZU23,3/1/2024,12/26/2024,43,Sperre Bahnhof Nacht,0.5,"46.6658149308, 8.5888081861",Göschenen,5
RSD,BZU23; Airolo,AI,AI,86,86.4,0.4,BZU23,7/1/2024,11/23/2025,73,Sperre Bahnhof Tag,0.25,"46.5275259222, 8.60861971573",Airolo,4
RSD,BZU23; Faido,FA,FA,105.75,106.2,0.45,BZU23,3/1/2025,10/31/2025,35,Sperre Bahnhof 24 Std,0.5,"46.4830754867, 8.79071005429",Faido,6
RSD,BZU23; Lavorgo,LAV,LAV,112.45,112.7,0.25,BZU23,3/1/2025,10/31/2025,35,Sperre Bahnhof 24 Std,0.25,"46.4409016988, 8.83974736529",Lavorgo,6
RSD,UF_2024_(GIDI)-(CAST),GIDI,CAST,135.25,145.65,10.4,Unterhaltsfenster,9/23/2024,9/29/2024,1,Sperre Strecke Nacht,0.5,"46.2229216623, 9.04146179352",Castione-Arbedo,2
RSD,Phase A7 (BIN 100+ 200),BEL,GIU,151.877,152.44,0.563,Bellinzona Sud 892 152-12,7/22/2024,10/20/2024,13,Sperre Strecke Nacht,0.5,"46.1738126869, 9.00360006177",Giubiasco,2
RSD,Phase B1,BEL,GIU,151.345,152.121,0.776,Eliminazione SPW Dragonato,12/22/2025,3/1/2026,10,Sperre Strecke Nacht,0.25,"46.1738126869, 9.00360006177",Giubiasco,2
RSD,Diverse Bauphasen in die Strecke,VEZB,CAP,178.278,195.442,,Dynamische Test Fahrten (+6 Mt),1/1/2024,6/30/2024,26,Sperre Strecke Nacht,1,"45.9028373055, 8.97890520587",Capolago-Riva S Vitale,2
RSD,LUG Modulo 3 (PU Besso),LG,LG,,,,Dritte,3/1/2021,12/29/2024,200,Umsetzung,,"46.0055005508, 8.94699524398",Lugano,0
RSD,Diverse Phasen in Bahnhof,MDE,MDE,186.908,187.576,,,6/1/2024,12/5/2025,79,Sperre Bahnhof Nacht,0.25,"45.9557134937, 8.94835914329",Melide,5
RME,AS35 GREL-DUG Doppelspurausbau,GREL,DUG,107,111.4,0.1114,Sperrmuster ohne RM,9/1/2025,5/3/2026,35,Sperre Strecke Nacht,1,"47.4534448145, 7.60346074943",Duggingen,2
RME,"FbE24 TH W. 223, 224, 231-233, 237, 251, 252",TH,TH,137,137.45,0.13745,,1/15/2024,12/15/2024,48,Sperre Strecke Nacht,,"46.7548527757, 7.62960576339",Thun,2
RME,,WBOL,WBOL,,,0,"Vorzugsvariante, allf. mit PU Kleinwangen",6/8/2024,12/6/2024,26,Sperre Bahnhof Nacht,0.5,"47.3414007003, 7.86836046729",Wangen bei Olten,5
RME,Bettlach: Umbau Bahnhof (BehiG/LHand),BET,BET,82.639,83.09,0.08309,Zusätzlich Erneuerung mit UBS Gl. 682,1/1/2026,12/16/2026,50,Sperre Bahnhof Nacht,0.5,"47.1949494237, 7.42837301675",Bettlach,5
RME,Selzach: Umbau Bahnhof (BehiG/LHand),SEL,SEL,,,0,,1/1/2026,12/16/2026,50,Sperre Bahnhof Nacht,0.5,"47.2006240031, 7.4566349874",Selzach,5
RME,Langenthal West: Verbindungslinie Önz Stammlinie - ABS,LTH,HB,63.7,64.5,0.0645,,6/30/2025,10/27/2030,278,Sperre Strecke Nacht,0.25,"47.1880861101, 7.70095832122",Herzogenbuchsee,2
RME,"FbE24 ZOL Gleis 4, P4, P14 und Weichen 351, 352, 357, 358",ZOL,ZOL,97.9,98.9,0.0989,Hauptsächlich Nebenanlagen ausser Gleis 4,1/15/2024,12/15/2024,48,Umsetzung,,"47.0018259804, 7.46291123529",Zollikofen,0
RME,Vorarbeiten Cluster SCHH_LN,LN,SCHH,38.1,59.7,0.0597,Div.,2/1/2025,4/4/2025,9,Sperre Strecke Nacht,0.25,"46.9506473328, 8.01515060209",Schüpfheim,2
RME,"FbE24 LN Gleise 4, 5, 6, 7, 46, 47 und Weichen 14, 21, 22, 41-44",LN,LN,37.4,38,0.038,Integration BZU Massnahmen,1/15/2026,12/16/2026,48,Sperre Bahnhof 24 Std,0.25,"46.9392422605, 7.78419750003",Langnau iE,6
RME,"AS35: Dagmersellen, Überhol- u. Annahmegleis für Güterzüge à 750 m",DAG,DAG,54.9,56.3,0.0563,Koo mit AS25/35 Zofingen: Schnelle Einfahrt G nach Gleis 4,7/1/2026,10/17/2028,120,Sperre Strecke 24 Std,0.25,"47.2175579138, 7.97902593539",Dagmersellen,3
RME,"Ersatz Stellwerke ZF, DAG, SS, SEM, RBG,",ZF,RBG,46.5,85,0.085,,1/1/2027,11/30/2028,100,Sperre Strecke Nacht,0.25,"47.0881900168, 8.24918003636",Rothenburg,2
RME,"Oberkirch, Massnahmen BZU-B23",OBK,OBK,71,71.3,0.0713,,8/18/2024,10/19/2024,9,Sperre Strecke 24 Std,0.25,"47.1552376585, 8.11423443373",Oberkirch LU,3
RME,"ZEB: Luzern, Neue Weichenverbindung u ZFZ-Verkürzung",LZ,LZ,94.4,95.05,0.09505,"inkl. FbE  LZ Gl. 2, 3, 4, W. 15, 30, 31, 32, 41 sowie in Koo mit FbE FbE LZ W28, 29",9/18/2022,6/22/2024,92,Sperre Bahnhof Nacht,0.25,"47.0501778105, 8.31018315401",Luzern,5
RME,AS35 Safenwil: Bau Annahmegleis Gleis 2,SAF,SAF,6.6,7,0.007,,1/1/2025,12/21/2027,155,Sperre Strecke Nacht,0.25,"47.3217579027, 7.98351818243",Safenwil,2
RME,Neue Abstellanlage Dulliken,DK,DK,,,0,,1/1/2028,12/28/2029,104,Sperre Bahnhof 24 Std,1,"47.3563901233, 7.97877139805",Däniken,6
RME,Serviceanlage Däniken,DKRB,DKRB,,,0,,1/1/2028,12/28/2029,104,Sperre Bahnhof 24 Std,0.25,"47.3534202455, 7.97128545373",Däniken RB,6
RME,Umleitung 640-710,RU,KLW,,,0,Grundfahrplan 24-30 muss ohne Umleitung auskommen,8/1/2024,12/25/2030,334,Umleitung,,"47.4333288409, 8.35421393402",Killwangen-Spreitenbach,404
RME,,AA,RU,,,0,"Passerelle Aarau Torfeld, Drittauftrag, Totalsperre 4h für Einbau Passerelle inkl. Vor- und Nacharbeiten. Allf. NNP-relevant",7/7/2024,9/21/2024,11,Sperre Strecke Nacht,1,"47.4032902238, 8.12695636496",Rupperswil,2
RME,"OI, BZU23 Perronerhöhung",OL,OL,94.7,95.4,ganzer Bhf,,1/1/2024,12/29/2024,52,Sperre Bahnhof Nacht,0.25,"47.3519347412, 7.90769966099",Olten,5
RME,AS35 Ebikon: Wendegleis mit Perronkante,GSK,KUE,58,60.4,ganzer Bhf,,1/1/2026,12/25/2030,260,Sperre Bahnhof 24 Std,0.5,"47.0835941099, 8.43351749599",Küssnacht am Rigi,6
RME,Brugg-Turgi Reussbrücke Gebenstorf,BG,TG,,,0,DEB über 2 x 5 Wochen oder Bauweiche über mehrere Monate,1/1/2024,12/29/2024,52,Sperre Strecke Tag,0.5,"47.4917573104, 8.25345865884",Turgi,1
RME,LED Rollout,TG,TG,,,0,6 WE in Prüfung,1/1/2024,12/29/2024,52,Sperre Bahnhof 24 Std,0.5,"47.4917573104, 8.25345865884",Turgi,6
RME,"TG, W. 4, 14-16",TG,TG,,,0,,1/1/2024,12/29/2024,52,Sperre Bahnhof 24 Std,1,"47.4917573104, 8.25345865884",Turgi,6
RWT,La Plaine : prèparation nouvelle gare,LP,LP,,,,,7/15/2024,7/28/2024,2,Sperre Strecke 24 Std,1,"46.1786654048, 5.99999275337",La Plaine,3
RWT,RIM Vernier Meyrin Cargo - Satgny,,,,,,,7/1/2026,8/25/2026,8,Sperre Strecke 24 Std,0.5,,,3
RWT,Genève Aéroport : remise en conformité zone d'enraillement,GEAP,CHNE,65.5,65.5,,,10/1/2023,3/30/2024,26,Sperre Strecke 24 Std,0.5,"46.2171294664, 6.10260397474",Châtelaine (bif),3
RWT,Genéve : assainissement du PI de la Paix,GE,GE,58.75,58.75,,,1/1/2023,12/28/2024,104,Sperre Strecke Nacht,0.25,"46.2102129079, 6.14245160789",Genève,2
RWT,Morges - St.Prex : FbE voie 309,MOR,STP,13.1,16.6,3.5,,7/1/2024,7/28/2024,4,Sperre Strecke 24 Std,0.5,"46.4823168698, 6.45590595285",St-Prex,3
RWT,Lausanne : ZEB,LS,LS,,,,,1/1/2021,11/25/2027,360,Sperre Strecke 24 Std,0.25,"46.5167918174, 6.62909229044",Lausanne,3
RWT,Rose : Wako lot 5.2,ROS,ROS,,,,,1/1/2024,12/29/2024,52,Sperre Bahnhof 24 Std,0.5,"46.7826334225, 7.06196863764",Rosé,6
RWT,Fribourg : Wako lot 5.3,FRI,FRI,,,,,1/1/2024,12/29/2024,52,Sperre Bahnhof Nacht,0.25,"46.8031481543, 7.15104693583",Fribourg/Freiburg,5
RWT,FbE23 Roche - Aigle V123,ROC,AIG,34.366,38.626,-4.26,,7/3/2023,7/14/2024,54,Sperre Strecke Nacht,0.5,"46.3168554187, 6.96368323783",Aigle,2
RWT,"St-Triphon, voie de dépassement",ST,AIG,42.695,41.065,1.63,"EP en cours, Jacques Nicolier",1/1/2024,12/26/2027,208,Sperre Strecke Nacht,0.5,"46.3168554187, 6.96368323783",Aigle,2
RWT,Tunnel des Epoisats & renouvellement VF Le Day Le Pont V319,PT,DAY,11.413,3.246,8.167,AP terminé,,###############################################################################################################################################################################################################################################################,,,,"46.7173763767, 6.40066878869",Le Day,404
RWT,"Cornaux, FS23 renouvel LC + poste distribution",CORN,CORN,,,,pas de CPr,1/1/2023,12/30/2023,52,Sperre Bahnhof Nacht,0.25,"47.0385720221, 7.02336560983",Cornaux,5
ROT,EdV: Furttal 320 m,ZSEB,WE,,,,Umsetzungszeitraum offen,6/1/2027,4/30/2029,100,Umsetzung,,"47.4596382122, 8.31600613226",Wettingen,0
ROT,Ph 1: WUER + ZAF+OF,ZSEB,WUER,,,,Perronverlängerung,1/1/2028,7/28/2028,30,Sperre Strecke Nacht,0.25,"47.4457594532, 8.35766785904",Würenlos,2
ROT,Verlängerung 750m Ausfahrt WUER,WUER,WUER,,,,Studie startet 2021 (Regio RaPla),1/1/2029,10/1/2034,300,Umsetzung,,"47.4457594532, 8.35766785904",Würenlos,0
ROT,AS25 DT Regionalterminal,DT,DT,,,,,1/1/2024,10/6/2024,40,Umsetzung,,"47.405783798, 8.40498813474",Dietikon,0
ROT,ZAS PU West,ZAS,ZAS,,,,,1/1/2025,12/1/2026,100,Umsetzung,,"47.3914830997, 8.48896269022",Zürich Altstetten,0
ROT,Stw Ersatz WE,WE,WE,,,,Stw. Ersatz DO 55: 2024,1/1/2024,12/29/2024,52,Umsetzung,,"47.4596382122, 8.31600613226",Wettingen,0
ROT,FbE20 KLW-WE Gl_611_711,KLW,WE,,,,Konzept aus 2020 kopiert,6/1/2025,9/13/2025,15,Sperre Strecke Tag,0.5,"47.4596382122, 8.31600613226",Wettingen,1
ROT,"Stw Ersatz TW,",TW,TW,,,,,1/1/2027,11/30/2028,100,Umsetzung,,"47.2959813712, 8.56476944831",Thalwil,0
ROT,SIB-SCBU:Zubringer Wangen-Ost,SIB,SCBU,,,,Projekt Kt. Schwyz,1/1/2028,11/30/2029,100,Umsetzung,,"47.1763898659, 8.93878098816",Schübelbach-Buttikon,0
ROT,FbE24 PF (SZ),PF,PF,,,1.3,"Gl.2 + div. Weichen im Bereich Gl. 1+2, Voraussichtlich Gl.1+2 mit 8 Std. Nacht",4/6/2024,5/3/2024,4,Umsetzung,0.25,"47.2029974431, 8.77812981895",Pfäffikon SZ,0
ROT,AS35 ZOER Nord Spurwechsel,ZOER,ZOER,,,0,Koo mit 320m Furttal,1/1/2025,12/1/2026,100,Umsetzung,0.25,"47.4115300323, 8.54413989655",Zürich Oerlikon,0
ROT,AS35 ZFZ GLB-BUE,GLB,BUE,,,0,Start VS 06/21,1/1/2025,5/5/2026,70,Umsetzung,,"47.5239499588, 8.53620921292",Bülach,0
ROT,AS35 LOT-JES DS + 2. Perronkante LOT,LOT,JE,,,0,Koo mit San. Fischerhölzlitunnel,1/1/2026,6/13/2029,180,Umsetzung,0.25,,,0
ROT,BUE: Ausbau Freiverlad,BUE,BUE,,,0,Koo mit Passarelle BUE,9/10/2024,6/16/2025,40,Sperre Bahnhof Nacht,0.25,"47.5239499588, 8.53620921292",Bülach,5
ROT,FbE24: RZ W 11 (ex FbE 22),RZ,RZ,,,0.232,Evtl. Umsetzung mit Gl.3,9/1/2024,9/7/2024,1,Sperre Bahnhof Nacht,0.25,"47.6037967676, 8.54345146419",Rafz,5
ROT,UNT BehiG,UNT,UNT,,,0,,1/1/2023,7/13/2024,80,Umsetzung,0.25,"47.1138568354, 9.25501833667",Unterterzen,0
ROT,FsE25 UNT - MH,UNT,MH,,,9.7,Konflikt Linie PF - SA,1/1/2025,7/14/2026,80,Umsetzung,0.25,"47.1178402707, 9.17301810587",Mühlehorn,0
ROT,Flums BehiG,FMS,FMS,,,0,,1/1/2025,12/16/2025,50,Umsetzung,0.25,"47.0966166348, 9.34792927358",Flums,0
ROT,FbE24 Chur,CH,CH,,,1.5,Weichen 29-37 / Gl. 62-64 Auswirkung Formation klären,4/1/2024,5/5/2024,5,Umsetzung,,"46.853084163, 9.52893771993",Chur,0
ROT,ZSTH Stw Ersatz,ZSTH,ZSTH,,,0,integriert AS35 ZSTH 4. Gl?,1/1/2029,12/1/2030,100,Umsetzung,,"47.3666097487, 8.54848908807",Zürich Stadelhofen,0
ROT,WS Stw Ersatz,WS,WS,,,0,im Projekt AS35 Brüttener,1/1/2029,12/1/2030,100,Umsetzung,,"47.4127230589, 8.59192822558",Wallisellen,0
ROT,KL Ersatz Ue Schaffhauserstr.,KL,KL,,,0,Verschiebung von 21-23,1/1/2024,10/31/2027,200,Umsetzung,,"47.4486073311, 8.5838096454",Kloten,0
ROT,AS35 ZFZ W-WF,W,WF,,,0,Studie mit 840-6,1/1/2028,9/6/2030,140,Umsetzung,,"47.5662242454, 9.10636820814",Weinfelden,0
ROT,AS35 OWT neues Perrongleis 2,OWT,OWT,,,0,,1/1/2031,10/31/2034,200,Umsetzung,,"47.5079223324, 8.76038920944",Oberwinterthur,0
ROT,"AS35 WF Anlageanpassungen (Perronverlängerung,                           Ersatz Gl 2)",WF,WF,,,0,"Studie für 840-1,840-6, 840-7      Start VS 09/2020",1/1/2028,11/30/2029,100,Umsetzung,,"47.5662242454, 9.10636820814",Weinfelden,0
ROT,,,,,,0,,,###############################################################################################################################################################################################################################################################,,,,,,404
ROT,FbE24 SLG - RH,SLG,RH,,,3.1,Voraussichtlich nach 2025 schieben. Einspur in Konflikt mit Rheintal Süd,6/1/2024,8/9/2024,10,Sperre Strecke Nacht,0.25,"47.565522828, 9.37937134408",Romanshorn,2
ROT,WIL Leistungssteigerung,WIL,WIL,,,0,,1/1/2024,12/15/2024,50,Umsetzung,,"47.4624132783, 9.04099307807",Wil SG,0
ROT,WIL Stw Ersatz,WIL,WIL,,,0,,1/1/2029,12/1/2030,100,Umsetzung,,"47.4624132783, 9.04099307807",Wil SG,0
ROT,SGBR BehiG (Studie nötig),SGBR,SGBR,,,0,Studie mit Variante Verschiebung Haltestelle wird gestartet 08/20,1/1/2026,10/7/2026,40,Umsetzung,,"47.4072028078, 9.32965488682",St Gallen Bruggen,0
ROT,AS35 SG Ostkopf (östliche Anbindung Gl. 7),SG,SG,,,0,,1/1/2027,9/6/2029,140,Umsetzung,,"47.4231789578, 9.36989672929",St Gallen,0
ROT,SG Neubau Autobahnzubringer Güterbahnhof,SG,SG,,,0,,1/1/2034,10/31/2037,200,Umsetzung,,"47.4231789578, 9.36989672929",St Gallen,0
ROT,ZEB WAKO W-SG,W,SG,,,0,,1/1/2025,10/16/2029,250,Umsetzung,,"47.4231789578, 9.36989672929",St Gallen,0
ROT,AS35 RS Wendegleis,RS,RS,,,0,,1/1/2031,11/30/2032,100,Umsetzung,,"47.4780019584, 9.50514123365",Rorschach,0
ROT,SMG Stw Ersatz,SMG,SMG,,,0,,1/1/2028,11/30/2029,100,Umsetzung,,"47.4532159757, 9.6382619195",St Margrethen,0
ROT,AS25 WZ Güterverkehrsanlage Schöneich,WZ,WZ,,,0,min. Intervallbedarf  WZ - HI                     3x WE plus 3 Mt. Abend,1/1/2025,9/29/2026,91,Umsetzung,,"47.3180315958, 8.79228970642",Wetzikon,0
ROT,OSS BehiG,OSS,OSS,,,0,08/20: ev Zusammenlegung BehiG 1159704 mit Ausbau,1/1/2025,12/16/2025,50,Umsetzung,,"47.6146139832, 8.72411652563",Ossingen,0
ROT,SH-FT Sanierung Rheinbrücke,SH,FT,,,0,"BFP 23.3.20, Cluster mit FbE Gl 643 SH-FT (2026) bilden",1/1/2025,8/18/2026,85,Umsetzung,,"47.6921694419, 8.645968468",Feuerthalen,0
ROT,EZ BehiG,EZ,EZ,,,0,viele Arbeiten tagsüber ohne Sperrung möglich,2/5/2024,4/28/2024,12,Sperre Bahnhof Nacht,,"47.6454121293, 8.87656168183",Eschenz,5
ROT,Neubau Brücke WIL-BRO km 1.4 (Zürcherstr.),WIL,BRO,,,0,externe Studie abgeschlossen 06/20,1/1/2024,10/6/2024,40,Umsetzung,,"47.4754443436, 9.03467784735",Bronschhofen,0
ROT,FbE24_KRB_Gl 82_W_10 (ex FbE20),KRB,KRB,,,0,"2020 Wochenendsperrung geplant, Gl 82 ursprünglich in 1158561 geplant",11/23/2024,12/6/2024,2,Sperre Strecke 24 Std,1,"47.6421145154, 9.16320415414",Kreuzlingen Bernrain,3
ROT,"FbE25 BERG-AHAU 728-730, 91 (ex FbE20)",BERG,SHAU,,,0,Totalsperrung,2/23/2025,4/19/2025,8,Sperre Strecke 24 Std,1,"47.6109170232, 9.16826008543",Siegershausen,3
ROT,Cluster SOB Ost 2024,HE,LSG,,,0,Verl. Nachtintervalle KW 17 - 27,3/21/2024,7/3/2024,15,Umsetzung,1,"47.3196899626, 9.08317001921",Lichtensteig,0
RSD,Stabilität auf der  Gotthardachse 750M,BRU,BRU,19.7,20.6,0.9,Anlagen Manko,4/7/2025,9/28/2025,25,Sperre Bahnhof Nacht,0.25,"46.9991749495, 8.61006762236",Brunnen,5
RSD,FbE25_ER_W_136-137-138_GL_A8-A9-A10-A68,ER,ER,41.6,42.6,0.333,FbE25,6/1/2025,7/5/2025,5,Sperre Bahnhof Nacht,0.5,"46.8203393997, 8.65045465313",Erstfeld,5
RSD,FbE25_ER_W_57-58-59-60-61_GL_A73,ER,ER,41.6,42.6,0.333,FbE25,7/6/2025,8/9/2025,5,Sperre Bahnhof Nacht,0.5,"46.8203393997, 8.65045465313",Erstfeld,5
RSD,FbE24_AP_AoE_W_11-12 und Gl1-61,AP,AP,92.5,93.5,1,FbE24,6/24/2024,7/14/2024,3,Sperre Bahnhof Tag,0.25,"46.5107637997, 8.689927873",Ambrì-Piotta,4
RSD,BZU23 Ambrì,AP,AP,92.95,93.3,0.35,BZU23,3/1/2027,11/28/2027,39,Sperre Strecke Tag,0.5,"46.5107637997, 8.689927873",Ambrì-Piotta,1
RSD,"BEL-GIU, 3. Gleis/ Ind. (AS25)",BEL,GIU,150.638,153.07,2.432,Anfragedossier,1/1/2024,12/27/2026,156,Umsetzung,,"46.1738126869, 9.00360006177",Giubiasco,0
RSD,Phase A10,BEL,GIU,150.638,151.31,0.672,Bellinzona W660-831-1,1/21/2025,9/1/2025,32,Sperre Strecke Nacht,0.25,"46.1738126869, 9.00360006177",Giubiasco,2
RSD,Phase A11,BEL,GIU,150.638,151.734,1.096,Bellinzona Sud 871 861-851,9/11/2025,12/10/2025,13,Sperre Strecke Nacht,0.25,"46.1738126869, 9.00360006177",Giubiasco,2
RSD,Diverse Bauphasen in die Strecke,VEZB,CAP,178.278,195.442,,Noch nicht definiert (Risiken),2/1/2022,12/25/2023,99,Sperre Strecke Nacht,0.25,"45.9028373055, 8.97890520587",Capolago-Riva S Vitale,2
RSD,FbE24_BAA-ZG_GL_327-92,BAA,ZG,27.339,28.264,1.925,FbE24,4/1/2024,4/28/2024,4,Sperre Strecke Nacht,0.5,"47.1737069864, 8.51504936752",Zug,2
RME,"Münsingen, AS25 Wendegleis",RUB,WCH,118.01,126.053,0.126053,Koo mit Ausbau Lötschberg-Basistunel (BLS),6/30/2023,12/6/2029,336,Sperre Bahnhof 24 Std,0.5,"46.8416120861, 7.56885575439",Wichtrach,6
RME,"Gümligen Süd, AS25 Entflechtung",OST,RUB,113.25,118.01,0.11801,Koo mit Ausbau Lötschberg-Basistunel (BLS),6/30/2023,11/23/2028,282,Sperre Strecke 24 Std,0.5,"46.89916972, 7.54536833414",Rubigen,3
RME,FbE24 TH-UTI Gleis 424,UTI,TH,131.45,135.53,0.13553,Koo mit Gleis 420,1/15/2024,12/15/2024,48,Sperre Strecke Nacht,,"46.7548527757, 7.62960576339",Thun,2
RME,,HAE,HAE,,,0,,1/29/2024,5/26/2024,17,Sperre Bahnhof Nacht,0.5,"47.330267812, 7.84381638329",Hägendorf,5
RME,,SW,SW,74.879,74.664,0.074664,Vsl. Schiebung nach 24,2/1/2023,8/1/2023,26,Sperre Bahnhof Nacht,0.25,"47.2067172615, 7.53194908407",Solothurn West,5
RME,Lengnau: Umbau Bahnhof (BehiG/LHand),LEN,LEN,87.676,88.119,0.088119,Zusätzlich Erneuerung Gl. 3,1/1/2025,12/16/2025,50,Sperre Bahnhof Nacht,0.5,"47.1794313873, 7.36655363682",Lengnau,5
RME,ZEB; Solothurn-Wanzwil: Leistungssteigerung ABS,SO,WANZ,79,68,0.068,Unterbruch der Arbeiten wegen wegen STW Ersatz RBC / Flankenschutz Wanzwil «1.Teil im 2025 und 2 Teil ab 2028»,1/1/2025,10/16/2029,250,Sperre Strecke Nacht,0.25,"47.1982449674, 7.69921296101",Wanzwil (Abzw),2
RME,Langenthal Erweiterung PU,LTH,LTH,59.1,59.3,0.0593,,1/1/2022,6/30/2024,,Umsetzung,,"47.2173029163, 7.78471520185",Langenthal,0
RME,"BZ Mitte, Migration rcs95 auf RCI Zelle LTH",OL,LTH,41.5,59.8,0.0598,,1/1/2025,12/2/2025,48,Sperre Strecke Nacht,,"47.2173029163, 7.78471520185",Langenthal,2
RME,Nacharbeiten Cluster SCHH_LN,LN,SCHH,38.1,59.7,0.0597,Div.,8/2/2025,10/24/2025,12,Sperre Strecke Nacht,0.25,"46.9506473328, 8.01515060209",Schüpfheim,2
RME,Olten-Aarburg-Olten ZfZ,OL,ABO,39.3,44,0.044,,1/1/2026,11/15/2028,150,Sperre Bahnhof Nacht,0.5,"47.3202684783, 7.90822265971",Aarburg-Oftringen,5
RME,ABO Perronverlängerung,ABO,ABO,42.75,43.1,0.0431,,4/1/2029,12/1/2029,35,Sperre Strecke Nacht,,"47.3202684783, 7.90822265971",Aarburg-Oftringen,2
RME,"Sursee: FbE Gl 71-81,72-82 & Weichen 40,63,64",SS,SS,69.7,70.1,0.0701,Fahrbahnerneuerung zusammen mit  P55 Oberkirch D-12995 (ISP 1156484),8/18/2024,10/19/2024,9,Sperre Strecke 24 Std,0.25,"47.170795068, 8.09789385181",Sursee,3
RME,"FMUE - EBR, FbE24 Gleis 91-291",FMUE,EBR,91.324,90.7,0.0907,,1/15/2024,12/15/2024,48,Sperre Strecke Nacht,,"47.070601491, 8.28256532837",Emmenbrücke,2
RME,Bhf OL Gl. 2-4,OL,OL,39.11,39.51,0.03951,Wochenendsperrung,1/1/2024,12/29/2024,52,Sperre Bahnhof 24 Std,0.25,"47.3519347412, 7.90769966099",Olten,6
RME,"BS, W. 246, 330, Gl. L44, L64",BS,BS,,,0,,1/1/2024,12/29/2024,52,Sperre Bahnhof Nacht,0.25,"47.547412091, 7.58956277697",Basel SBB,5
RME,AS35 LB-HU: partielle Doppelspur,LB,HU,60.5,62.8,0.0628,,1/1/2026,12/25/2030,260,Sperre Strecke Nacht,0.25,"47.3882858408, 8.12569329661",Hunzenschwil,2
RME,AS35 SCOE Neubau Wendegleisanlage,SCOE,SCOE,,,0,BZU-Projekt abgestimmt auf AS35,6/1/2026,12/12/2027,80,Sperre Bahnhof Nacht,0.5,"47.3714238978, 8.00015834607",Schönenwerd SO,5
RME,UF Eppenberg,DK,AA,,,0,"Total 40 Sperrungen von 22.20-05.40.  10 Sperrungen, zusammenhängend ab So bis Fr je Quartal",1/1/2024,12/29/2024,52,Sperre Strecke Nacht,0.5,"47.3913594962, 8.05127371849",Aarau,2
RME,"LZVH MEG KUE, Stellwerkersatz",FMUE,IM,4.38,17.1,0.0171,,7/1/2023,12/26/2025,130,Sperre Strecke Nacht,0.25,"47.0916186586, 8.46267208892",Immensee,2
RME,"Immensee, BZU23 und Instandsetzung U Kantonsstrasse",IM,IM,0.05,0.75,0.00075,Immensee: Koo BZU23 und Instandsetzung U Kantonsstrasse im 2025,2/1/2025,10/31/2025,39,Sperre Bahnhof 24 Std,0.25,"47.0916186586, 8.46267208892",Immensee,6
RME,"LB=RU, Gl. 23-333-22, 22-433-23",LB,RU,32.83,35.3,0.0353,,1/1/2024,12/15/2024,50,Sperre Strecke Nacht,0.5,"47.4032902238, 8.12695636496",Rupperswil,2
RME,,AA,RU,,,0,FbE24 Aarau Weichen 10-12 (und allenf. 27-35+Gleis 241),1/1/2024,12/29/2024,52,Sperre Strecke 24 Std,0.5,"47.4032902238, 8.12695636496",Rupperswil,3
RME,"Immensee, BZU23 und Instandsetzung U Kantonsstrasse",IM,IM,0.05,0.75,ganzer Bhf,mmensee: Koo BZU23 und Instandsetzung U Kantonsstrasse im 2025,2/1/2025,10/31/2025,39,Sperre Bahnhof Tag,0.25,"47.0916186586, 8.46267208892",Immensee,4
RWT,RIM La Plaine - Vernier + Viaduc de l^'Alondon,LP,CHNE,,,,,1/1/2024,12/29/2024,52,Sperre Strecke 24 Std,0.5,"46.2171294664, 6.10260397474",Châtelaine (bif),3
RWT,St.Prex - Morges : FbE voie 409,MOR,STP,16.6,13.2,3.4,,7/29/2024,8/25/2024,4,Sperre Strecke 24 Std,0.5,"46.4823168698, 6.45590595285",St-Prex,3
RWT,FbE  2024 Denges - Renens voie 400,DEN,REN,6.596,4.965,1.631,,3/17/2024,4/27/2024,6,Sperre Strecke Nacht,0.25,"46.5370424761, 6.57893536401",Renens VD,2
RWT,Lausanne - Grandvaux : viaduc de Rochettaz,LS,CVN,,,,,1/1/2024,10/6/2024,40,Sperre Strecke 24 Std,0.5,"46.5130844611, 6.67832353213",La Conversion,3
RWT,Lausanne - La Conversion : viaduc du Châtelard,LS,CVN,,,,,1/1/2028,10/6/2028,40,Sperre Strecke 24 Std,0.5,"46.5130844611, 6.67832353213",La Conversion,3
RWT,Rose :  Wako lot 5.1,ROS,ROS,,,,,1/1/2024,12/29/2024,52,Sperre Bahnhof 24 Std,0.5,"46.7826334225, 7.06196863764",Rosé,6
RWT,"Monthey - St-Gingolph, renouvellement voie, LC et PN",MTH,BOU,6.492,22.148,-15.656,"EP terminée, Putz-Perrier",,,,,,"46.385817123, 6.85324388418",Bouveret,404
RWT,Neuchâtel Serrières : mise en conformité,NESE,NESE,72.2,72.6,-0.4,,1/1/2024,12/29/2024,52,Sperre Bahnhof Nacht,0.5,"46.9839623251, 6.903362631",Neuchâtel-Serrières,5
RWT,AS25 : doppelspur Ligerz-Twann,LIG,TWN,96.153,93.919,2.234,,,###############################################################################################################################################################################################################################################################,,,,"47.0936641015, 7.15649746383",Twann,404
RWT,SBL-CORN FS23 Renouvellement,SBL,CORN,79.975,82.745,-2.77,pas de CPr / replanifié 2025,7/4/2025,7/24/2025,3,Sperre Strecke Nacht,0.25,"47.0385720221, 7.02336560983",Cornaux,2
RWT,"LHE, assainissement pont de Tournedos",LHE,LHE,47.235,,,Frédéric Restani,1/1/2024,12/29/2024,52,Sperre Strecke 24 Std,0.5,"47.1894917627, 7.22539576798",La Heutte,3
ROT,HGO Bahnhofumbau,HGO,HGO,,,,,1/1/2024,11/30/2025,100,Umsetzung,,"47.2587498232, 8.58981587397",Horgen Oberdorf,0
ROT,Nur Link zu Unterlagen / RSD,,,,,,,,###############################################################################################################################################################################################################################################################,,,,,,404
ROT,ZWD Stw Ersatz,ZWD,ZWD,,,,,1/1/2025,12/1/2026,100,Umsetzung,,"47.5704481599, 8.46791892376",Zweidlen,0
ROT,FbE24 DT Gl. 4+5 (ex 2021),DT,DT,,,,,6/1/2024,7/26/2024,8,Sperre Strecke Nacht,0.5,"47.405783798, 8.40498813474",Dietikon,2
ROT,AS35 ZBTII,TW,TW,,,,,1/1/2030,10/16/2034,250,Umsetzung,,"47.2959813712, 8.56476944831",Thalwil,0
ROT,AS25: PF-ALTD Güterüberholgleis,PF,ALTD,34.4,35.7,,Bauphasenplanung bis 09/2020,8/1/2023,6/30/2025,100,Sperre Strecke Nacht,0.25,"47.1939670295, 8.82290588686",Altendorf,2
ROT,Stw Ersatz ZWIE,ZWIE,ZWIE,,,,,1/1/2027,11/30/2028,100,Umsetzung,,"47.3714772012, 8.52348546565",Zürich Wiedikon,0
ROT,Stw Ersatz HG,HG,HG,,,,,1/1/2028,11/30/2029,100,Umsetzung,,"47.2614833923, 8.59691702338",Horgen,0
ROT,Ulmenberg-Engetunnel,ZWIE,ZWOL,,,,,12/8/2024,12/6/2025,52,Sperre Strecke 24 Std,0.5,"47.34744029, 8.53360098792",Zürich Wollishofen,3
ROT,FbE25: PF- LA Gl. 200 (ex FbE20),PF,LA,,,1,Umsetzung 24 od. 25? MARS + RS nicht identisch,6/23/2024,9/28/2024,14,Sperre Strecke Nacht,0.5,"47.1900684227, 8.85271520237",Lachen,2
ROT,"AS35 ZSTH 4. Gleis, DS ZSTH-ZTB",ZSTH,ZSTH,,,0,,1/1/2026,8/1/2035,500,Umsetzung,,"47.3666097487, 8.54848908807",Zürich Stadelhofen,0
ROT,FbE24 ZTB W1-4,ZTB,ZTB,,,0,W3/4 Geometrieänderung! Koo mit Sperrung Riesbachtunnel,1/1/2024,2/4/2024,5,Sperre Strecke Nacht,0.25,"47.3501246373, 8.56138988846",Zürich Tiefenbrunnen,2
ROT,AS35 HERL-ML DS,HERL,ML,,,0,Konflikt mit Uster- Aatal,1/1/2026,11/15/2028,150,Umsetzung,,"47.2698111422, 8.64431191081",Meilen,0
ROT,AS35 MAEN Kreuzungsstation,MAEN,MAEN,,,0,,1/1/2031,11/30/2032,100,Umsetzung,,"47.2534240091, 8.69234616957",Männedorf,0
ROT,UER Stw Ersatz (ex 2024),UER,UER,,,0,,1/1/2026,10/7/2026,40,Umsetzung,,"47.2358608014, 8.75262523013",Uerikon,0
ROT,FB Stw Ersatz (ex 2024),FB,FB,,,0,,1/1/2026,10/7/2026,40,Umsetzung,,"47.2392035255, 8.78349775224",Feldbach,0
ROT,AS35 ZFZ LU-LIN+LGB Kreuzungstation,LU,LIN,,,0,Start VS 06/21,1/1/2025,12/1/2026,100,Umsetzung,,"46.9255635637, 8.9977948688",Linthal,0
ROT,FsE21 O 760 GLB FL-Erneuerung,GLB,GLB,,,0,ev. Restausführung im 2024,1/2/2024,5/20/2024,20,Umsetzung,,"47.4308267427, 8.55885413606",Glattbrugg,0
ROT,"FbE 25_GLB Gl_31,67, W38, W54 (ex FbE22)",GLB,GLB,,,0,,1/1/2025,4/15/2025,15,Umsetzung,,"47.4308267427, 8.55885413606",Glattbrugg,0
ROT,SHGB G 750m,SHRB,SHRB,,,0,,1/1/2025,6/29/2027,130,Umsetzung,,"47.7099047766, 8.64113837569",Schaffhausen GB,0
ROT,SH Anlageanpassung,SH,SH,,,0,,1/1/2024,10/6/2024,40,Umsetzung,0.25,"47.6982814967, 8.63275579305",Schaffhausen,0
ROT,Stw Ersatz MELS,MELS,MELS,,,0,,1/1/2025,12/1/2026,100,Umsetzung,,"47.053746248, 9.41775823249",Mels,0
ROT,Stw Ersatz Weesen,WN,WN,,,0,,1/1/2025,12/1/2026,100,Umsetzung,,"47.1299210164, 9.09471050742",Weesen,0
ROT,AS35 LQ zusätzliche und längere Annahmegleise Graubünden,LQ,LQ,,,0,,1/1/2024,10/15/2028,250,Umsetzung,,"46.9674404286, 9.55404467894",Landquart,0
ROT,"AS35 ZSTH 4. Gl., DS ZSTH-ZTB",ZSTH,ZTB,,,0,Projektierungs-ISP 1149876,1/1/2026,8/1/2035,500,Umsetzung,,"47.3501246373, 8.56138988846",Zürich Tiefenbrunnen,0
ROT,FbE24 Neugut NEGW W 13-16,NEGW,NEGW,,,0,Fpl Konzept nötig (WE Sperrungen),1/1/2024,2/4/2024,5,Umsetzung,,"47.4031673379, 8.60214177405",Neugut West bei DUE (Abzw),0
ROT,STET Stw Ersatz,STET,STET,,,0,integriert AS35 ZSTH 4. Gl?,1/1/2029,12/1/2030,100,Umsetzung,,"47.3972153717, 8.59614480424",Stettbach,0
ROT,DTL Stw Ersatz,DTL,DTL,,,0,im Projekt AS35 Brüttener,1/1/2029,12/1/2030,100,Umsetzung,,"47.4202020365, 8.61927645696",Dietlikon,0
ROT,EF Perronverlängerung 320m,EF,EF,,,0,FET-WZ,1/1/2024,10/31/2027,200,Sperre Strecke Nacht,,"47.425812078, 8.68667913161",Effretikon,2
ROT,EF Gesamterneuerung,EF,EF,,,0,"Start Vorstudie 08/20, MS1 03/21, MS2 09/21, MS3 07/22",1/1/2037,10/31/2040,200,Umsetzung,,"47.425812078, 8.68667913161",Effretikon,0
ROT,KE BehiG,KE,KE,,,0,"Konzeptanfrage 03.07.20 an FUB, keine Rückmeldung",9/1/2023,11/28/2024,65,Umsetzung,,"47.4528388907, 8.70558620929",Kemptthal,0
ROT,ZWIP Stw Ersatz,ZWIP,ZWIP,,,0,,1/1/2029,12/16/2029,50,Umsetzung,,"47.3930388776, 8.52938238484",Zürich Wipkingen,0
ROT,ZWIP Erhalt Bahninfra,ZWIP,ZWIP,,,0,,12/15/2023,12/12/2024,52,Sperre Strecke 24 Std,1,"47.3930388776, 8.52938238484",Zürich Wipkingen,3
ROT,OP BehiG (Studie läuft),OP,OP,,,0,,1/1/2025,12/1/2026,100,Umsetzung,,"47.4299548445, 8.56179472865",Opfikon,0
ROT,OP Stw Ersatz,OP,OP,,,0,,1/1/2029,12/1/2030,100,Umsetzung,,"47.4299548445, 8.56179472865",Opfikon,0
ROT,AS35 OWT-FF Perronverlängerung 320m,WD,ISL,,,0,,1/1/2025,11/16/2027,150,Umsetzung,,"47.5478349177, 8.84619697706",Islikon,0
ROT,SLG Verlängerung Abstellgleis Gl 97,SLG,SLG,,,0,Verlängerung GL 97 auf über 600m,1/1/2025,12/16/2025,50,Umsetzung,,"47.5388040261, 9.18369439908",Sulgen,0
ROT,"FbE25 WF Gl 389, W264 (ex FbE22)",WF,WF,,,0.251,Nebengleis,1/1/2025,1/21/2025,3,Sperre Bahnhof 24 Std,,"47.5662242454, 9.10636820814",Weinfelden,6
ROT,FsE OA-RH (FL Totalerneuerung),OA,RH,,,0,"8h Einspurbetrieb möglich, Umsetzung 2024 Konflikt mit Rheintal + FbE SLG-OA",1/1/2023,11/15/2025,150,Umsetzung,,"47.565522828, 9.37937134408",Romanshorn,0
ROT,WGR Busquerung,WGR,WGR,,,0,"Evtl. Konflikt mit FsE / BehiG ARN,BZN  bei Umleitungsbedarf via SLG-GSS",1/1/2024,11/30/2025,100,Umsetzung,,"47.4987547049, 8.75105522894",Winterthur Grüze,0
ROT,"FbE24 EL W11,12, Gl 1,34 (ex FbE20)",EL,EL,,,0,,6/17/2024,7/14/2024,4,Sperre Bahnhof 24 Std,,"47.4985290889, 8.86341151986",Elgg,6
ROT,FbE24_SCHZ Gl. 3-53,SCHZ,SCHZ,,,0.82,"Herausforderung Cargo SCHZ, Konzept WE prüfen, voraussichtlich 3-4 WE",5/1/2024,5/28/2024,4,Sperre Bahnhof 24 Std,,"47.4451875896, 9.06843068646",Schwarzenbach SG,6
ROT,SG-SMG Anpassung für Neigezüge,SG,SMG,,,0,,4/1/2022,12/1/2022,35,Umsetzung,,"47.4532159757, 9.6382619195",St Margrethen,0
ROT,FbE 2030: ORT - ALT,ORT,ALT,38.2,41,0,Anfrage Totalsperre FB Sanierung,4/1/2030,10/27/2030,30,Sperre Strecke 24 Std,1,"47.3742348063, 9.55651992327",Altstätten SG,3
ROT,AS 25: TRUE - BU DS,TRUE,BU,,,0,Verlängerte Nachtsperre Fpl. 24,12/10/2023,12/7/2024,52,Sperre Strecke Nacht,1,"47.1684119711, 9.47863664902",Buchs SG,2
ROT,BU Ersatz Rangierstw,BU,BU,,,0,,1/1/2024,11/30/2025,100,Umsetzung,,"47.1684119711, 9.47863664902",Buchs SG,0
ROT,FbE27 WWUE-PFU Gl 606 (ex FbE22),PFU,WWUE,,,1.734,,1/1/2027,12/16/2027,50,Umsetzung,,"47.5064358947, 8.68092955866",Winterthur Wülflingen,0
ROT,UST Stw Ersatz (ev im Rahmen Projekt DS UST-AAT),UST,UST,,,0,,6/1/2026,12/12/2027,80,Umsetzung,,"47.3503689645, 8.71870911871",Uster,0
ROT,GIB-WL Erneuerung Stb's Grosswis und Büe,GIB,WL,,,0,,9/1/2024,10/25/2025,60,Umsetzung,,"47.2726904861, 8.91399979249",Wald,0
ROT,AS35 OSS Kreuzungsgleis,OSS,OSS,,,0,08/20: ev Zusammenlegung BehiG 1159704 mit Ausbau,1/1/2030,10/31/2033,200,Umsetzung,,"47.6146139832, 8.72411652563",Ossingen,0
ROT,AS35 STR Wendegleis,STR,STR,,,0,,1/1/2031,11/30/2032,100,Umsetzung,,"47.6561110013, 8.85502002864",Stein am Rhein,0
ROT,EW BehiG,EW,EW,,,0,betrieblich nur 1 Perronkante nötig,5/6/2024,9/22/2024,20,Sperre Bahnhof 24 Std,0.5,"47.6611446979, 8.81861733248",Etzwilen,6
ROT,FsE24: RH - RS,RH,RS,,,0,Terminkonflikt mit Sperrung Rheintal,1/1/2025,12/1/2026,100,Umsetzung,,"47.4780019584, 9.50514123365",Rorschach,0
ROT,FbE24_BROA-WIL_Gl_700 (ex FbE20),BROA,WIL,,,0,Totalsperre Herbstferien,10/5/2024,10/25/2024,3,Sperre Strecke 24 Std,1,"47.4624132783, 9.04099307807",Wil SG,3
ROT,FbE24 TOA W9 (ex FbE20),TOA,TOA,,,0,Totalsperre Herbstferien,10/5/2024,10/18/2024,2,Sperre Bahnhof 24 Std,1,"47.5213013698, 9.03370938412",Tobel-Affeltrangen,6
ROT,FbE Rickentunnel,KAB,WA,,,#VALUE!,"Umsetzung 2025, Studie nötig, wenn mögl. mit FbE Gl. 825 Studie nötig",4/1/2025,7/14/2025,15,Sperre Strecke Nacht,,"47.2994799951, 9.08645998773",Wattwil,2
ROT,FbE WA Gl. 825,KAB,WA,,,0.543,soll zusammen mit FbE im Rickentunnel umgesetzt werden Verschiebung 24->25???,6/17/2025,7/14/2025,4,Sperre Strecke Nacht,,"47.2994799951, 9.08645998773",Wattwil,2
RSD,IM-BRU Unterhaltsfenster,IM,BRU,1,20.9,19.9,Unterhaltsfenster,9/8/2024,9/21/2024,2,Sperre Strecke Nacht,0.5,"46.9991749495, 8.61006762236",Brunnen,2
RSD,600-24- IM-GD-FsE25,IM,GD,1.988,9.226,7.238,FsE 2025,1/1/2025,12/29/2026,104,Sperre Strecke Nacht,0.5,"47.049044874, 8.54944633996",Arth-Goldau,2
RSD,FbE24_GD_GL_5-45,GD,GD,8.6,9.1,0.5,FbE24,3/18/2024,4/7/2024,3,Sperre Bahnhof Nacht,0.5,"47.049044874, 8.54944633996",Arth-Goldau,5
RSD,FbE25_SCHW_W_21-22-23-26,SCHW,SCHW,17.1,17.8,0.7,FbE25,9/23/2024,10/27/2024,5,Sperre Bahnhof Nacht,0.25,"47.0263971725, 8.6321517606",Schwyz,5
RSD,BRU-AL Unterhaltsfenster,BRU,AL,20.9,36.2,15.3,Unterhaltsfenster,4/14/2024,4/27/2024,2,Sperre Strecke Nacht,0.5,"46.8757386867, 8.6315753775",Altdorf,2
RSD,BRU-SK Tunnelbeleuchtung,BRU,SK,21.1,22.97,1.87,Tunnellbeleuchtung,10/1/2024,3/31/2025,26,Sperre Strecke Nacht,0.5,"46.949253997, 8.62074868788",Sisikon,2
RSD,FbE25_ER_W_50-54-55-56,ER,ER,41.6,42.6,0.333,FbE25,8/10/2025,9/13/2025,5,Sperre Bahnhof Nacht,0.5,"46.8203393997, 8.65045465313",Erstfeld,5
RSD,Amsteg Stellwerkersatzt,AS,AS,46.1,47.1,1,STW Ersatzt,9/1/2025,3/29/2026,30,Sperre Bahnhof Nacht,0.5,"46.7810020225, 8.67210555792",Amsteg-Silenen,5
RSD,FbE24_AP_W_14-15-16-17-18,AP,AP,93.3,93.6,0.3,FbE24,4/1/2024,5/12/2024,6,Sperre Bahnhof Tag,0.5,"46.5107637997, 8.689927873",Ambrì-Piotta,4
RSD,IBS AGZ_Giustizia cambio di binario,GIDI,GIDI,149.35,149.5,0.15,SPW GIDI,1/1/2025,2/25/2025,8,Sperre Strecke Nacht,0.5,"46.3235262857, 8.98219847522",Giustizia (dira),2
RSD,Concetto Macro fasi,,,,,,,2/1/2024,12/23/2026,151,Sperre Bahnhof Nacht,0.5,,,5
RSD,Phase IBN,,,,,,,,,,,,,,404
RSD,Phase A6 (GIU24),BEL,GIU,151.877,152.44,0.563,Bellinzona 892 152-12,6/10/2024,7/21/2024,6,Sperre Strecke 24 Std,0.5,"46.1738126869, 9.00360006177",Giubiasco,3
RSD,Phase B3,BEL,GIU,150.618,152.29,1.672,Bellinzona 891-881-871-W901,12/18/2025,10/7/2026,42,Sperre Strecke Nacht,0.25,"46.1738126869, 9.00360006177",Giubiasco,2
RSD,"AS25: Lugano–Melide,Binari di giro corsa",MDE,MDE,186.908,187.576,0.668,ETCS L2,6/1/2024,12/5/2025,79,Umsetzung,,"45.9557134937, 8.94835914329",Melide,0
RSD,FbE24_LG_W_34-35,LG,LG,180.2,180.4,0.2,FbE24,1/2/2024,1/22/2024,3,Sperre Strecke Nacht,0.25,"46.0055005508, 8.94699524398",Lugano,2
RSD,FbE24_CHI_W_964-966-971-972-974_GL_11-953 (Ex bin. 965),CHI,CHI,,,0.2,FbE24,1/2/2024,1/29/2024,4,Sperre Strecke Nacht,0.25,"45.8321680089, 9.0314495232",Chiasso,2
RSD,Baar: Zusäztliche 4. Perronkante,BAA,BAA,26.43,26.75,0.32,AS35,1/1/2027,12/16/2032,311,Sperre Bahnhof Nacht,0.5,"47.1953640193, 8.52327156341",Baar,5
RSD,Zug-Baar: 3. Gleis,ZG,BAA,26.7,28.25,1.55,AS35,1/1/2027,12/16/2032,311,Sperre Strecke Nacht,0.25,"47.1953640193, 8.52327156341",Baar,2
RSD,FbE24_BAA-ZG_GL_427-93,BAA,ZG,27.313,28.351,1.038,FbE24,5/1/2024,5/28/2024,4,Sperre Strecke Nacht,0.5,"47.1737069864, 8.51504936752",Zug,2
RSD,ZG- LED Roullout,ZG,ZG,28.4,39.3,,,3/1/2027,6/27/2027,17,Sperre Bahnhof Nacht,0.25,"47.1737069864, 8.51504936752",Zug,5
RSD,ZG-GD Unterhaltsfenster,ZG,GD,0.16,9.7,9.54,Unterhaltsfenster,9/23/2024,10/6/2024,2,Sperre Strecke Nacht,0.5,"47.049044874, 8.54944633996",Arth-Goldau,2
RME,Bern Ausbau Publikumsanlagen (APBB),BN,BN,96.75,106.012,0.106012,,6/30/2017,12/30/2027,548,Sperre Bahnhof 24 Std,0.25,"46.9488322725, 7.4391309556",Bern,6
RME,Cluster mit Totalsperrung,KZ,LY,85.1,100.3,0.1003,,5/4/2025,7/24/2025,6,Sperre Strecke 24 Std,1,"47.076323468, 7.30630158808",Lyss,3
RME,,DN,DN,,,0,,7/1/2026,9/1/2026,9,Sperre Bahnhof 24 Std,0.25,"47.2182258248, 7.61891295891",Deitingen,6
RME,Totalumbau Bahnhof OLH und Cargogleise,OLH,OLH,,,0,"Studie am tun, FB mit 2024 Treiber",1/1/2024,12/15/2024,50,Sperre Bahnhof 24 Std,0.5,"47.348555177, 7.89772397213",Olten Hammer,6
RME,AS30 Publikumsanlage Olten (1. Etappe),OL,OL,39,39.6,0.0396,,1/1/2027,6/13/2030,180,Sperre Strecke Nacht,0.25,"47.3519347412, 7.90769966099",Olten,2
RME,AS30/35 Aarburg-O. - Wankdorf ZfZ 3 Min.,WKD,ABO,102,42.75,0.04275,,1/1/2027,12/25/2031,260,Sperre Strecke Nacht,,"47.3202684783, 7.90822265971",Aarburg-Oftringen,2
RME,"ZEB Bern Wylerfeld, Entflechtung",BWY,LGUT OST,105,102.400 109.600,#VALUE!,,1/1/2016,7/16/2026,550,Umsetzung,0.25,,,0
RME,"AS25 Bern Ost, 2 Min.-ZfZ",BN,BWY,106.1,105.6,0.1056,,6/30/2026,10/16/2028,120,Sperre Strecke 24 Std,0.25,"46.9665979143, 7.46028541655",Bern Wyler,3
RME,FbE24 ZAE-BOE Gleis 826,ZAE,BOW,25,26.95,0.02695,,1/15/2024,12/15/2024,48,Sperre Strecke Nacht,,"46.9000482296, 7.69805348673",Bowil,2
RME,Zofingen - Emmenbrücke ZfZ,ZF,EBR,47.5,90.8,0.0908,,1/1/2026,11/15/2028,150,Sperre Strecke Nacht,0.25,"47.070601491, 8.28256532837",Emmenbrücke,2
RME,"BS, W. 332, 337, 343, 345, 351, 352",BS,BS,,,0,,1/1/2024,12/29/2024,52,Sperre Bahnhof 24 Std,1,"47.547412091, 7.58956277697",Basel SBB,6
RME,ZOF: Aufhebung BUe alte  Luzernerstrasse K104,ZF,SAF,0.5,6.8,0.0068,"Kanton Aargau plant die Aufhebung des BUe K 104, Aeussere Luzernstrasse – Aarburgerstrasse",5/15/2024,10/21/2025,75,Sperre Strecke Nacht,0.25,"47.3217579027, 7.98351818243",Safenwil,2
RME,AS35 Suhr: Kreuzungsgleis 750m,SUHR,OEF,15.3,14.4,0.0144,,1/1/2026,12/25/2030,260,Sperre Strecke Nacht,0.25,"47.3564864045, 8.04838711049",Oberentfelden,2
RME,"AS30: Knoten Lenzburg, Publikumsanlagen",LB,LB,,,0,,8/1/2024,12/25/2030,334,Sperre Bahnhof 24 Std,0.25,"47.3911997555, 8.1703928761",Lenzburg,6
RME,"SINS, BZU23 Perronerhöhung",SINS,SINS,92.35,929,ganzer Bhf,,1/1/2025,3/31/2026,65,Sperre Bahnhof Nacht,0.25,"47.188314246, 8.39783087558",Sins,5
RME,Ersatzneubau U Zürcherstrasse,MI,BNZ,82.3,84.9,0.0849,"Ersatzneubau der Unterführung Zürcherstrasse, auszuführen in Koordination mit PU Eggstrasse (ISP 1154546)",1/8/2025,12/1/2026,99,Sperre Strecke Nacht,0.25,"47.2468514591, 8.36561693375",Benzenschwil,2
RME,IB-Projekte vor 2024 Ersatzneubau PU Eggstrasse,MI,BNZ,82.3,84.9,0.0849,"Ersatzneubau der Unterführung Zürcherstrasse, auszuführen in Koordination mit PU Eggstrasse (ISP 1160217",1/8/2025,12/1/2026,99,Sperre Strecke Nacht,0.25,"47.2468514591, 8.36561693375",Benzenschwil,2
RME,FBE24 EBI Gleis 103 & 104,EBI,EBI,59,60.5,0.0605,Laufmeter mit Gleis 63/103 - 64/104 = 3000m,1/15/2024,12/15/2024,48,Sperre Bahnhof 24 Std,,"47.0842627454, 8.34235821712",Ebikon,6
RME,GSK Migration rcs95 auf RCI  von LZVH und MEG durch Zelle Luzern,EBI,EBI,52.823,58.58,0.05858,,4/2/2024,4/15/2024,2,Sperre Strecke 24 Std,,"47.0842627454, 8.34235821712",Ebikon,3
RWT,Genève : intervention anticipée 4 (réfection faisceau B),GE,GE,,,,,1/1/2024,12/28/2025,104,Sperre Strecke 24 Std,0.25,"46.2102129079, 6.14245160789",Genève,3
RWT,Morges : mise en conformité de la gare,MOR,MOR,,,,,1/1/2025,1/15/2030,263,Sperre Bahnhof 24 Std,0.25,"46.5111011525, 6.49396944931",Morges,6
RWT,Denges - Morges : 3ème voie,DEN,MOR,,,,,1/1/2024,12/27/2026,156,Sperre Strecke Nacht,0.5,"46.5111011525, 6.49396944931",Morges,2
RWT,FbE  2024 Renens - Denges voie 300,REN,DEN,5.102,7.974,2.872,,1/1/2024,3/17/2024,11,Sperre Strecke Nacht,0.25,"46.5291270593, 6.54050544475",Denges-Echandens,2
RWT,"Wako lot 1,1 FbE24 Lausanne - La Conversion",LS,CVN,1.223,3.927,2.704,,7/10/2024,9/17/2024,10,Sperre Strecke 24 Std,0.5,"46.5130844611, 6.67832353213",La Conversion,3
RWT,Turtmann. Lhand,TUR,TUR,122.11,122.11,0,,1/1/2024,12/29/2024,52,Sperre Strecke Nacht,0.5,"46.3093314059, 7.69960490297",Turtmann,2
RWT,FbE24 Staz. Della Galleria Sempione-Iselle Tun1,STDG,IS,156.64,166.304,-9.664,,1/7/2024,10/10/2026,144,Sperre Strecke Nacht,0.5,,,2
RWT,Cornaux LHAnd,CORN,CORN,82.746,84.707,-1.961,,1/1/2025,12/30/2025,52,Sperre Bahnhof Nacht,0.25,"47.0385720221, 7.02336560983",Cornaux,5
RWT,"Moutier, mise en conformité Lhand yc FbE 2023 ?",MOU,MOU,72,74,-2,"Julien Bierman, plannifié SAP  22/23",1/1/2022,10/4/2024,144,Sperre Bahnhof Tag,0.5,"47.2806724995, 7.38104432272",Moutier,4
ROT,Stw. Ersatz WE,WE,WE,,,,Stw. Ersatz WE,1/1/2025,6/9/2026,75,Umsetzung,,"47.4596382122, 8.31600613226",Wettingen,0
ROT,ZUE Teilerneuerung Brücke Langstrasse,ZUE,ZUE,,,,Was ist das???,1/1/2025,12/1/2026,100,Umsetzung,,"47.3781766923, 8.54021233623",Zürich HB,0
ROT,"FbE24 ZAS W89,93,94 Gl 535",ZAS,ZAS,,,,,3/1/2024,4/4/2024,5,Sperre Strecke Nacht,0.25,"47.3914830997, 8.48896269022",Zürich Altstetten,2
ROT,AS35 WAE Publikumsanlagen,WAE,WAE,23.2,25.05,,Sehr ambitiöse und kritische Bauphasen,4/1/2027,1/14/2032,250,Umsetzung,0.25,"47.2293072774, 8.67521627099",Wädenswil,0
ROT,PF Stw Ersatz,PF,PF,,,,im Projekt 1148732,1/1/2024,7/13/2025,80,Umsetzung,,"47.2029974431, 8.77812981895",Pfäffikon SZ,0
ROT,FbE26: RG-BIL Gl.252 (ex FbE22),RG,BIL,,,1.118,8-10 Tg Einspur,8/31/2026,11/22/2026,12,Sperre Strecke Tag,0.5,"47.152192936, 9.02991826857",Bilten,1
ROT,RUES: Umsetzung BehiG,RUES,RUES,,,0,"2 x Verläng WE Sperre HiBrü, evtl FbE hinzufügen",9/3/2023,11/2/2024,61,Umsetzung,,"47.3071318652, 8.55516269432",Rüschlikon,0
ROT,FsE ZB: FS-Anlage erneuern (ex20-22),ZB,ZB,,,0,Umfangreiches Intervallkonzept aus 2020ff in Dossier Kopiert,1/1/2025,11/16/2027,150,Umsetzung,,"47.1361559024, 9.06005168288",Ziegelbrücke,0
ROT,STAE Stw Ersatz (ex 2024),STAE,STAE,,,0,,1/1/2026,10/7/2026,40,Umsetzung,,"47.2405272079, 8.72165283054",Stäfa,0
ROT,UET_320m Furttal+BhiG,UET,UET,,,0,Termin evtl. früher,1/1/2027,12/16/2027,50,Umsetzung,,"47.259030122, 8.67878704546",Uetikon,0
ROT,A53 Zufahrt Gaster,SCME,KAB / ZB,,,0,ab 2027,1/1/2027,11/30/2028,100,Sperre Strecke Nacht,0.25,,,2
ROT,SH Stw Ersatz,SH,SH,,,0,,1/1/2027,11/30/2028,100,Umsetzung,,"47.6982814967, 8.63275579305",Schaffhausen,0
ROT,GF BehiG,GF,GF,,,0,,1/1/2026,10/7/2026,40,Umsetzung,,"47.548557954, 8.52405520291",Glattfelden,0
ROT,Fischerhölzlitunnel Sanierung,JE,NH,,,0,Anlagezustand?,1/1/2024,11/15/2026,150,Umsetzung,,"47.683133385, 8.62493454502",Neuhausen,0
ROT,"FbE24: EGL Gl. 31-1-823, W 5/6",EGL,HUEW,,,1.4,"Bedarf auf Brücke (Gl 823 = 683m) klären, Dilatation?, keine Brückenhölzer",7/18/2024,8/14/2024,4,Sperre Strecke Nacht,1,"47.581268881, 8.51284803608",Hüntwangen-Wil,2
ROT,FbE24: RZ Gl. 3,RZ,RZ,,,0.74,,9/1/2024,9/28/2024,4,Sperre Bahnhof Nacht,0.25,"47.6037967676, 8.54345146419",Rafz,5
ROT,AS35 Brüttenertunnel Abschnitt KE-W,KE,W,,,0,,1/1/2026,8/31/2033,400,Umsetzung,0.25,"47.5003337739, 8.72382110762",Winterthur,0
ROT,"AS35 OP-KL Doppelspur, 2. Perronkante KLB",OP,KL,,,0,,1/1/2024,6/13/2027,180,Umsetzung,0.25,"47.4486073311, 8.5838096454",Kloten,0
ROT,Stw Ersatz Kloten,KL,KL,,,0,,1/1/2022,11/15/2024,150,Umsetzung,,"47.4486073311, 8.5838096454",Kloten,0
ROT,EdV OWTU Erweiterung Abstellanlage Gl 109,OWTU,OWTU,,,0,ev. 1 Jahr später?,1/1/2024,10/6/2024,40,Umsetzung,,"47.5147998642, 8.76782019663",Oberwinterthur Unterhaltanlage,0
ROT,Stw Ersatz RIK,RIK,RIK,,,0,,1/1/2027,11/30/2028,100,Umsetzung,,"47.5353573659, 8.78917502501",Rickenbach-Attikon,0
ROT,Stw Ersatz ISL,ISL,ISL,,,0,,1/1/2027,11/30/2028,100,Umsetzung,,"47.5478349177, 8.84619697706",Islikon,0
ROT,FbE25 WF Gl 1-3 (ex FbE21),WF,WF,,,0.84,,10/15/2025,11/25/2025,6,Sperre Bahnhof 24 Std,0.25,"47.5662242454, 9.10636820814",Weinfelden,6
ROT,FbE25 BGL-SLG Gl 164 (ex FbE21),BGL,SLG,,,2.106,,2/10/2025,8/3/2025,25,Sperre Strecke Nacht,0.25,"47.5388040261, 9.18369439908",Sulgen,2
ROT,FbE24 SLG,SLG,SLG,,,2.3,"div Weichen, Bahnersatz SLG - Kradolf nötig, W 53-55 im Cluster Streckenumbau an WE",5/1/2024,5/28/2024,4,Sperre Strecke Nacht,0.25,"47.5388040261, 9.18369439908",Sulgen,2
ROT,AS35 WGRN neue Haltestelle,WGR,WGR,,,0,,1/1/2031,11/15/2033,150,Umsetzung,,"47.4987547049, 8.75105522894",Winterthur Grüze,0
ROT,WGR Umsetzung BehiG,WGR,WGR,,,0,,7/1/2022,12/26/2024,130,Umsetzung,,"47.4987547049, 8.75105522894",Winterthur Grüze,0
ROT,GSS Erhaltungszentrum,GSS,GSS,,,0,abhängig von 1148851 Ue Buchenwaldstr. (IBN23)+ 1158780 Erweiterung Gleisanlage GV,5/1/2024,12/16/2025,85,Umsetzung,,"47.4118315691, 9.25305071952",Gossau SG,0
ROT,FbE25 SGF W 33-36 (ex FbE21),SGF,SGF,,,0.669,,5/5/2025,6/1/2025,4,Sperre Bahnhof Nacht,,"47.4345403564, 9.39344374823",St Gallen St Fiden,5
ROT,AS25 RTH-ORT Anlageanpassung,RTH,ORT,,,0,IBN 12/24,1/1/2023,10/7/2023,40,Umsetzung,,"47.3234832152, 9.57137702646",Oberriet,0
ROT,ARN BehiG,ARN,ARN,,,0,2 Konzeptideen zur Prüfung für nächste Phase,3/1/2024,5/23/2024,12,Sperre Bahnhof Nacht,1,"47.4420016029, 9.25202496067",Arnegg,5
ROT,EdV W-NH Perronverlängerung 320m,HET,SH,,,0,,1/1/2027,5/29/2031,230,Umsetzung,0.25,"47.6982814967, 8.63275579305",Schaffhausen,0
ROT,FbE25 AN Gl 1 (ex FbE22),AN,AN,,,0.447,,3/3/2025,4/6/2025,5,Sperre Bahnhof Nacht,0.5,"47.5937661665, 8.67800163738",Andelfingen,5
ROT,AS35 BUB Abstellanlage,BUB,BUB,,,0,Start VS Sept 2020,1/1/2027,11/30/2028,100,Sperre Strecke Nacht,,"47.2708409956, 8.82271479896",Bubikon,2
ROT,AS35 FET-WZ Perronverlängerung 320m,FET,WZ,,,0,,1/1/2025,11/16/2027,150,Sperre Strecke Nacht,0.25,"47.3180315958, 8.79228970642",Wetzikon,2
ROT,SH-FT Sanierung Emmersbergtunnel,SH,FT,,,0,ev. Cluster mit Rheinbrücke?,1/1/2026,3/25/2026,12,Umsetzung,,"47.6921694419, 8.645968468",Feuerthalen,0
ROT,"STR, SU Kaltenbachstr. Km 35.089",STR,STR,35.089,35.089,0,"frühester Baustart 2027-28, MPM189551",1/1/2027,7/13/2028,80,Umsetzung,,"47.6561110013, 8.85502002864",Stein am Rhein,0
ROT,FbE25 MAM W1+7 (ex FbE22),MAM,MAM,,,0.757,,3/3/2025,4/6/2025,5,Sperre Bahnhof Nacht,1,"47.6441602007, 8.91400061948",Mammern,5
ROT,FbE24_BERG_W_9 (ex FbE22),BERG,BERG,,,0.2,"2022 in Totalsperre Herbst geplant, neu entwickeln",9/2/2024,10/27/2024,8,Sperre Bahnhof Nacht,1,"47.5822500403, 9.17452772676",Berg,5
ROT,Cluster SOB Ost 2024,HE,LSG,,,0,Totalsperre KW 28-36,7/8/2024,9/8/2024,9,Umsetzung,1,"47.3196899626, 9.08317001921",Lichtensteig,0
ROT,Rickentunnel Druckgelenksanierung,KAB,WA,,,0,Zeitlich parallell zu FbE Gl. 832,9/10/2024,12/2/2024,12,Sperre Strecke Nacht,0.25,"47.2994799951, 9.08645998773",Wattwil,2
RSD,FbE25_ER_W_40-41-48-49-49T6_GL_A3-A64,ER,ER,41.6,42.6,0.333,FbE25,9/14/2025,10/18/2025,5,Sperre Bahnhof Nacht,0.5,"46.8203393997, 8.65045465313",Erstfeld,5
RSD,FbE24_GU_W_11-12-31,GU,GU,54,54.3,0.3,FbE24,7/7/2024,7/27/2024,3,Sperre Bahnhof Nacht,0.5,"46.7293535255, 8.62247619656",Gurtnellen,5
RSD,FbE24_GOE_W_24-25-40-41-58_GL_12-22_3-43_42-52-53-54,GOE,GOE,70,71,1,FbE24,4/1/2024,6/2/2024,9,Sperre Bahnhof Nacht,0.5,"46.6658149308, 8.5888081861",Göschenen,5
RSD,FbE24_SPW Sordo_AoE_W_101-104,SORD,SORD,89.5,89.8,0.3,FbE24,7/1/2024,7/28/2024,4,Sperre Strecke Nacht,0.5,"46.5175571333, 8.64756285769",Sordo (c bin),2
RSD,FbE24_LAV_GL_3,LAV,LAV,112.1,112.7,0.6,FbE24,9/9/2024,9/29/2024,3,Sperre Bahnhof 24 Std,0.25,"46.4409016988, 8.83974736529",Lavorgo,6
RSD,UF_2024_(POLN)-(GIDI),POLN,GIDI,128,134.9,6.9,Unterhaltsfenster,9/16/2024,9/22/2024,1,Sperre Strecke Nacht,0.5,"46.3235262857, 8.98219847522",Giustizia (dira),2
RSD,"CAST, Nuovo Centro di Manutenzione Ticino",CAST,CAST,145.975,147.63,1.655,Dritte,2/1/2024,12/23/2026,151,Umsetzung,,"46.2229216623, 9.04146179352",Castione-Arbedo,0
RSD,Phase C1,BEL,GIU,151.345,152.02,0.675,Bellinzona 852-862-882-892,10/6/2026,5/31/2027,34,Sperre Strecke Tag,0.25,"46.1738126869, 9.00360006177",Giubiasco,1
RSD,VEZ-CHI ZEB ZfZ Komplett,VEZB,CAP,178.278,195.442,17.164,ETCS L2,2/1/2022,12/25/2023,99,Umsetzung,,"45.9028373055, 8.97890520587",Capolago-Riva S Vitale,0
RSD,FbE24_LG_GL_472,LG,LG,180.727,181.164,1.437,FbE24,3/1/2024,3/7/2024,1,Sperre Strecke Nacht,0.5,"46.0055005508, 8.94699524398",Lugano,2
RSD,Diverse Phasen Unterführung,LG,LG,,,,Noch nicht definiert (Risiken),1/1/2024,12/15/2024,50,Sperre Bahnhof Nacht,0.25,"46.0055005508, 8.94699524398",Lugano,5
RSD,Zug: Diverse Anpassungen,ZG,ZG,28.1,39.4,11.3,AS35,1/1/2031,12/18/2035,259,Sperre Bahnhof Nacht,0.25,"47.1737069864, 8.51504936752",Zug,5
RME,AS35 GREL-DUG Doppelspurausbau,GREL,DUG,107,111.4,0.1114,Totalsperre ohne RM,4/1/2025,9/1/2025,22,Sperre Strecke 24 Std,1,"47.4534448145, 7.60346074943",Duggingen,3
RME,"Bern West, AS25 Leistungssteigerung",BNBS,BN,94.5,96.75,0.09675,,1/9/2023,6/19/2033,545,Sperre Bahnhof 24 Std,0.5,"46.9488322725, 7.4391309556",Bern,6
RME,Flamatt–Bern Bümpliz Süd WAKO Lose 7a und 7b,BNBS,FLM,87.9,83.9,0.0839,,2/1/2022,12/2/2024,148,Sperre Strecke Nacht,,"46.8884913393, 7.31957079845",Flamatt,2
RME,"FbE24 Lyss W. 3, 4 und Gleise 32, 52, 53, 62",LY,LY,22.9,23.897,0.023897,,1/15/2024,12/15/2024,48,Sperre Bahnhof Nacht,,"47.076323468, 7.30630158808",Lyss,5
RME,"Ostermundigen, BZU23 Gleis 1,2,3 und ÖV-Knoten",OST,OST,110.6,111,0.111,Koo mit Ausbau Lötschberg-Basistunel (BLS),6/30/2023,6/24/2027,208,Sperre Strecke Nacht,0.25,"46.9568024174, 7.48149794736",Ostermundigen,2
RME,"Bern Wankdorf Süd Ostermundigen, AS25 Entflechtung",LGUT,OST,108.6,113.25,0.11325,Koo mit Ausbau Lötschberg-Basistunel (BLS),6/30/2023,11/18/2032,490,Sperre Strecke 24 Std,0.5,"46.9568024174, 7.48149794736",Ostermundigen,3
RME,FbE24 UTI-KI Gleis 420,UTI,KI,129.8,128.6,0.1286,Koo mit Gleis 424,1/15/2024,12/15/2024,48,Sperre Strecke Nacht,,"46.818943814, 7.57550132419",Kiesen,2
RME,"Migration rcs95 auf RCI, Olten Nord-Ost",ABO,LGUT,,,0,,1/15/2025,12/16/2025,48,Sperre Strecke Nacht,,"46.9805903923, 7.46595467656",Löchligut (Abzw),2
RME,,WAA,WAA,,,0,,7/1/2025,10/27/2025,17,Sperre Bahnhof Nacht,0.25,"47.2319565613, 7.65623444913",Wangen an der Aare,5
RME,Pieterlen: Umbau Bahnhof (BehiG/LHand),PIE,PIE,,,0,,1/1/2025,12/16/2025,50,Sperre Bahnhof Nacht,0.5,"47.17144119, 7.34019351187",Pieterlen,5
RME,,BIM,BIM,,,0,,1/1/2025,12/16/2025,50,Sperre Bahnhof Nacht,0.5,"47.1447253199, 7.27248728258",Biel Mett,5
RME,PU Kleinwangen,WBOL,WBOL,42.89,42.89,0.04289,"Synergie mit BZU, Hauptarbeiten 52 Std. Totalsperre",4/12/2024,4/18/2024,1,Sperre Bahnhof 24 Std,1,"47.3414007003, 7.86836046729",Wangen bei Olten,6
RME,FbE24 HB-RTW Gl. 91/368,HB,RTW,67.416,71.932,0.071932,,1/15/2024,12/15/2024,48,Sperre Strecke Nacht,,"47.1401578579, 7.69327597194",Riedtwil,2
RME,FbE24 WH_SCHA Gleis 878,WH,SCHA,78.3,78.8,0.0788,,1/15/2024,12/15/2024,48,Sperre Strecke Nacht,0.25,"47.0379733975, 8.1432588728",Schachen LU,2
RME,AS25 Zofingen-Abzw. Kriegsschlaufe ZfZ,ZF,ABO,47.5,44,0.044,,7/1/2022,12/12/2024,128,Sperre Strecke Nacht,0.25,"47.3202684783, 7.90822265971",Aarburg-Oftringen,2
RME,Abstellanlage Sursee,SS,SS,68.2,70.1,0.0701,Evtl. auch anderer Standort für Personenverkehr,1/1/2028,10/15/2032,250,Umsetzung,,"47.170795068, 8.09789385181",Sursee,0
RME,Rothenburg Überhol- / Annahmegleis GV,RBG,RBG,83.4,84.4,0.0844,,1/1/2029,11/16/2031,150,Umsetzung,,"47.0881900168, 8.24918003636",Rothenburg,0
RME,,BS,OL,,,0,Sperre DpS GREL-DUG,4/1/2025,9/1/2025,22,Umleitung,,"47.3519347412, 7.90769966099",Olten,404
RME,"BS, W. 249, 252-258K",BS,BS,,,0,,1/1/2024,12/29/2024,52,Sperre Bahnhof Nacht,0.25,"47.547412091, 7.58956277697",Basel SBB,5
RME,"BS, Gl. G11, G12",BS,BS,,,0,,1/1/2024,12/29/2024,52,Sperre Bahnhof Nacht,0.25,"47.547412091, 7.58956277697",Basel SBB,5
RME,AS35 Oberentfelden Entflechtung WSB,OEF,OEF,13.4,13.5,0.0135,,1/1/2024,8/31/2031,400,Umsetzung,,"47.3564864045, 8.04838711049",Oberentfelden,0
RME,AS35 KK: Kreuzungsgleis 1000m,KK,OEF,11.5,12.6,0.0126,,1/1/2026,12/25/2030,260,Sperre Strecke Nacht,0.25,"47.3564864045, 8.04838711049",Oberentfelden,2
RME,FbE24_W_205_206_217,OLN,OLN,,,0,,1/1/2024,12/29/2024,52,Sperre Strecke 24 Std,0.5,"47.3649707491, 7.9180571857",Olten Nord (Abzw),3
RME,"LZVH-MEGZ, Teilerneuerung Stbw 7.357",LZVH,MEGZ,7.35,7.36,0.00736,,4/1/2024,5/5/2024,5,Sperre Strecke Nacht,,"47.0451944647, 8.374393044",Meggen Zentrum,2
RME,"BZU23 MERL, Perronerhöhung",MERL,MERL,13.5,13.7,0.0137,Koo mit FbE Gleis 514,10/1/2024,12/29/2025,65,Sperre Strecke Nacht,0.25,"47.0676600027, 8.40905810777",Merlischachen,2
RME,10 WU Erneuerung LZVH - KUE (-IM),LZVH,IM,6.723,17.336,0.017336,Koo mit Sanierung eines Stützbauwerk,4/2/2024,4/15/2024,2,Sperre Strecke 24 Std,0.25,"47.0916186586, 8.46267208892",Immensee,3
RME,"HDK, BZU23 Perronerhöhung",HDK,HDK,65,65.4,ganzer Bhf,,1/1/2025,12/30/2025,52,Sperre Bahnhof Nacht,,"47.3894310909, 8.20738865977",Hendschiken,5
RME,AS35: Wohlen Gleis 1,WO,WO,71.5,72.25,0.07225,,6/1/2027,11/6/2028,75,Sperre Bahnhof 24 Std,0.25,"47.3484640448, 8.26979236531",Wohlen AG,6
RME,"FMUE-ROTS, Teilerneuerung Reussbrücke",FMUE,ROTS,63.75,63.5,0.0635,6 Wochenendsperren à ca 50h  Nachtsperren ohne Massnahmen à 3.5h   Mit Massnahmen bis 7.5h möglich.,1/1/2024,8/29/2027,191,Sperre Strecke Nacht,0.25,"47.0740670373, 8.3199743401",Rotsee (Verzw),2
RWT,RIM Satigny - Vernier ;Meyrin Cargo,,,,,,,7/1/2025,8/25/2025,8,Sperre Strecke 24 Std,0.5,,,3
RWT,Clarens - Montreux : FbE24_CL-MX_V341-342,CL,MX,24.1,25.385,-1.285,,1/1/2024,12/29/2024,52,Sperre Strecke Nacht,0.5,"46.4358843229, 6.91044006944",Montreux,2
RWT,ZEB Villeneuve-St-Maurice : amélioration du distancement,VIL,SM,30.006,51.136,-21.13,,1/1/2023,12/30/2023,52,Sperre Strecke 24 Std,0.5,"46.2163694939, 7.00204392424",St-Maurice,3
RWT,"Raron, Lhand",RAR,RAR,129.754,130.278,-0.524,,1/1/2024,12/29/2024,52,Sperre Strecke Nacht,0.5,"46.3062743875, 7.80151065367",Raron,2
RWT,"Brig, tunnel du Simplon - assainissement du tube 1",BR,STDG,157.729,166.869,-9.14,1 tube en 2023 1 tube en 2024,1/1/2024,12/1/2024,48,Sperre Strecke 24 Std,0.5,"46.2723377046, 8.09349478399",Staz della Galleria Sempione,3
RWT,"LHE, assainissement pont Saissenais",LHE,LHE,45.201,,,Frédéric Restani,1/1/2024,12/29/2024,52,Sperre Strecke Tag,0.5,"47.1894917627, 7.22539576798",La Heutte,1
ROT,Umleitung BU-RH-W (DS Rheintal),BU,W,,,,,1/1/2024,12/29/2024,52,Umleitung,,"47.5003337739, 8.72382110762",Winterthur,404
ROT,Sanierung Zimmerberg- / Albistunnel,SBG,SBG,,,,"Vorstellung Studie 14.05. PZ Ost, Variantenentschei 08/20 immer noch offen!",8/1/2024,12/3/2025,70,Sperre Strecke Nacht,0.25,"47.2384279078, 8.5770589292",Sihlbrugg,2
ROT,KLW Umbau UW,KLW,KLW,,,,,1/1/2024,11/30/2025,100,Umsetzung,,"47.4333288409, 8.35421393402",Killwangen-Spreitenbach,0
ROT,Stw Ersatz DT (2027?),DT,DT,,,,Stw. Ersatz DO 67: 2027-30,6/22/2027,12/2/2030,180,Umsetzung,,"47.405783798, 8.40498813474",Dietikon,0
ROT,Stw Ersatz ZAS (2029?),ZAS,ZAS,,,,Stw. Ersatz DO 67: 2027-30,6/22/2027,12/2/2030,180,Umsetzung,,"47.3914830997, 8.48896269022",Zürich Altstetten,0
ROT,Sanierung Notbeleuchtung / Selbstrettung Heitersberg,KLW,MELH,,,,Nach Möglichkeit G-Trassen 00.30-05.30h  im JFP ohne Begegnung im Heitersberg,1/7/2025,12/22/2025,50,Sperre Strecke Nacht,0.5,"47.4280750785, 8.27636329083",Mellingen Heitersberg,2
ROT,AS25 SIB Überholgleis,SIB,SIB,,,,Bauphasen gem. Studienbericht so kaum bewilligungsfähig,7/1/2025,5/15/2028,150,Umsetzung,0.25,"47.1826706698, 8.90071365596",Siebnen-Wangen,0
ROT,STAE Anpassung Bahnzugang,STAE,STAE,,,0,,1/1/2025,12/1/2026,100,Umsetzung,,"47.2405272079, 8.72165283054",Stäfa,0
ROT,FbE24 FB-RW,FB,RW,,,2.017,Koo mit 1158890 KUEW-RW Erneuerung FS+Bel. Nötig,2/26/2024,4/7/2024,6,Sperre Strecke Nacht,0.25,"47.2248871845, 8.81674495291",Rapperswil,2
ROT,FbE24: HER Gl. 3 (ex FbE 22),HERL,HERL,,,0.398,,5/1/2024,5/28/2024,4,Sperre Bahnhof Nacht,0.5,"47.2818266004, 8.61273348833",Herrliberg-Feldmeilen,5
ROT,WIN - HERL: Instands Stb's Grüt I + Pfaffen,WIN,HERL,,,0,Intervalle noch ohne Konzept,4/1/2025,10/27/2025,30,Sperre Strecke Nacht,0.5,"47.2818266004, 8.61273348833",Herrliberg-Feldmeilen,2
ROT,"FbE25 UER. Gl. 2,3 (ex FbE 22)",UER,UER,,,0,Intervallkonzept fehlt,3/1/2025,4/25/2025,8,Sperre Strecke Nacht,0.5,"47.2358608014, 8.75262523013",Uerikon,2
ROT,Umnutzung Gl. 987 BLU-RW,RW,BLU,,,0,evtl. Umsetzung bis 06/24,11/26/2023,6/22/2024,30,Sperre Strecke Nacht,0.25,"47.2236707178, 8.84240514771",Blumenau,2
ROT,Tunnelsanierung Käferberg,HRD,ZOER,,,0,gem PZ 27.08.20 voraussichtlich 2028,4/1/2026,9/15/2026,24,Sperre Strecke 24 Std,0.5,"47.4115300323, 8.54413989655",Zürich Oerlikon,3
ROT,AS35 ZFZ BUE-EGL,BUE,EGL,,,0,,1/1/2025,5/5/2026,70,Umsetzung,,"47.5723745199, 8.5165580286",Eglisau,0
ROT,Bau Passerelle Glasiareal BUE,BUE,BUE,,,0,"Bau ""Stadt Bülach"" (Kundenprojekt)",2/1/2024,7/9/2025,75,Sperre Bahnhof Nacht,0.25,"47.5239499588, 8.53620921292",Bülach,5
ROT,FsE24: NH Umsetzung Linienkonzept (ex 2020),NH,NH,,,0,"Konzept aus 2020 übernommen neu prüfen, Umleitung, FsE24 Ausführung jedoch 2025",8/3/2025,9/13/2025,6,Sperre Bahnhof Nacht,0.25,"47.683133385, 8.62493454502",Neuhausen,5
ROT,WN Überholgleis,WN,WN,,,0,,1/1/2024,12/15/2024,50,Umsetzung,,"47.1299210164, 9.09471050742",Weesen,0
ROT,FsE24 Mols - UNT,MOLS,UNT,,,4.4,Konflikt Rheintal,1/1/2024,12/15/2024,50,Umsetzung,0.25,"47.1138568354, 9.25501833667",Unterterzen,0
ROT,LQ Stw Ersatz,LQ,LQ,,,0,im Projekt 1161186,1/1/2024,11/30/2025,100,Umsetzung,,"46.9674404286, 9.55404467894",Landquart,0
ROT,"FbE24: W Gl. 43,44,61",WWE,W,,,1.1,Abgleich Brüttener: Was ist nötig.,3/1/2024,4/4/2024,5,Sperre Bahnhof Nacht,0.25,"47.5003337739, 8.72382110762",Winterthur,5
ROT,AS35 Brüttenertunnel Abschnitt BSD,BSD,BSD,,,0,,1/1/2026,8/31/2033,400,Umsetzung,0.25,"47.4385705613, 8.62622097081",Bassersdorf,0
ROT,BSD Stw Ersatz,BSD,BSD,,,0,im AS35 Brüttener Projekt,1/1/2029,12/1/2030,100,Umsetzung,,"47.4385705613, 8.62622097081",Bassersdorf,0
ROT,SG Stw Ersatz,SG,SG,,,0,,1/1/2027,11/30/2028,100,Umsetzung,,"47.4231789578, 9.36989672929",St Gallen,0
ROT,ZEB WAKO SG-SMG,SG,SMG,,,0,,1/1/2025,10/16/2029,250,Umsetzung,,"47.4532159757, 9.6382619195",St Margrethen,0
ROT,AS35 RS-RSST DS,RS,RSST,,,0,,1/1/2031,11/30/2032,100,Umsetzung,,"47.4755923529, 9.48936372278",Rorschach Stadt,0
ROT,RCK Stw Ersatz,RCK,RCK,,,0,,1/1/2028,11/30/2029,100,Umsetzung,,"47.4668859521, 9.5909126225",Rheineck,0
ROT,Fährhütten Neubau Haltestelle,SEV,TRUE,,,0,"Termine SAP: Ausführung 2025-2027, IBN 03/27!",1/1/2024,11/30/2025,100,Umsetzung,,"47.0715830597, 9.4803456152",Trübbach,0
ROT,BZN BehiG,BZN,BZN,,,0,"zu prüfende Konzeptidee:Tagsüber ausserhalb HVZ, kein kommerzieller Halt in BZN (Durchfahrt über Gl. 2, sofern frei), Bahnersatz für BZN",3/1/2024,4/25/2024,8,Sperre Bahnhof Nacht,1,"47.5004152503, 9.23403531753",Bischofszell Nord,5
ROT,WZ-KN Neubau Unterführung Usterstrasse,WZ,KN,,,0,gem LCM IBN 2026,1/1/2026,6/24/2026,25,Umsetzung,,"47.3320431153, 8.8047206925",Kempten,0
ROT,AS35 SEU Wendegleis,SEU,DIH,,,0,,1/1/2030,10/31/2033,200,Umsetzung,,"47.5533451481, 8.75298087411",Dinhard,0
ROT,"EdV OWT-STR Perronverlängerung 170m (TLH, OSS, EW)",OWT,STR,,,0,,1/1/2027,11/30/2028,100,Umsetzung,,"47.6561110013, 8.85502002864",Stein am Rhein,0
ROT,FsE OWT-EW,OWT,SEU,,,0,"Abschnitt 1 OWT-SEU, Abschnitt 2 Bhf SEU, soll als Einzelprojekt beauftragt werden",1/1/2023,10/31/2026,200,Sperre Strecke Nacht,0.25,"47.5357669764, 8.73888339067",Seuzach,2
ROT,FbE24 Arbon (ganzer Bhf) + Einfahrweiche Horn,ARB,HN,,,#VALUE!,Antrag auf Schiebung in 2025 Grund: Konflikt Sperrung Rheintal Süd,1/1/2025,12/1/2026,100,Umsetzung,,"47.4931799805, 9.46338787007",Horn,0
ROT,FbE26 WF-KHF Gl 720 (ex FbE22),WF,KHF,,,0.968,Totalsperrung ex 2022,9/5/2026,9/25/2026,3,Sperre Strecke 24 Std,1,"47.5721871628, 9.1697794714",Kehlhof,3
RSD,BRU-AL Unterhaltsfenster,BRU,AL,20.9,36.2,15.3,Unterhaltsfenster,8/25/2024,9/7/2024,2,Sperre Strecke Nacht,0.5,"46.8757386867, 8.6315753775",Altdorf,2
RSD,LED Roullout Los 2,FL,FL,32,33.3,1300,LED Roullot,1/4/2026,5/2/2026,17,Sperre Bahnhof Nacht,0.25,"46.9017301738, 8.6243027189",Flüelen,5
RSD,Vergrössern der Gleisachsabstände beide Seiten,RYN,RYN,37.2,39,1.8,Anlagen Manko,4/1/2025,12/22/2025,38,Sperre Strecke Nacht,0.25,"46.8633479623, 8.63546681711",Rynächt Nord,2
RSD,Erstfeld  Stellwerkersatzt,ER,ER,40.8,42.5,1.7,STW Ersatzt,9/1/2025,3/29/2026,30,Sperre Bahnhof Nacht,0.5,"46.8203393997, 8.65045465313",Erstfeld,5
RSD,BZU23; Bodio,BO,BO,125.4,125.6,0.2,BZU23,3/1/2026,12/12/2026,41,Sperre Bahnhof Nacht,0.25,"46.380254548, 8.90656793402",Bodio TI,5
RSD,FbE24_BO_W_21-22-28_GL_5-35,BO,BO,125.2,125.5,0.3,FbE24,8/19/2024,9/15/2024,4,Sperre Bahnhof Tag,0.5,"46.380254548, 8.90656793402",Bodio TI,4
RSD,"Bodio, nuovo piazzale di carico/scarico",BO,BO,123.9,124.35,0.45,Freiverlad Bodio,4/1/2024,12/22/2024,38,Sperre Bahnhof Tag,0.25,"46.380254548, 8.90656793402",Bodio TI,4
RSD,Phase A9,BEL,GIU,151.876,153.07,1.194,Giubiasco 44-34-24 13-252,11/11/2024,12/1/2024,3,Sperre Strecke Tag,0.25,"46.1738126869, 9.00360006177",Giubiasco,1
RSD,Phase C3 (BIN 200),BEL,GIU,151.652,152.089,0.437,Bellinzona 891-881-871-W901,4/27/2027,5/24/2027,4,Sperre Strecke Nacht,0.25,"46.1738126869, 9.00360006177",Giubiasco,2
RSD,FbE24_CHI_W_103-104-106_GL_122-132,CHI,CHI,,,0.2,FbE24,1/2/2024,1/29/2024,4,Sperre Strecke Nacht,0.25,"45.8321680089, 9.0314495232",Chiasso,2
RSD,Cadenazzo aumento capacità (GV) AS2030/35,CD,CD,159.669,159.831,0.162,AS35,1/1/2024,12/13/2026,154,Sperre Bahnhof Nacht,0.25,"46.1526199984, 8.94169884827",Cadenazzo,5
RSD,Cadenazzo Erhaltungszentrum (IH),CD,CD,,,,ETCS L2 (Anmeld),1/1/2025,12/13/2027,154,Sperre Bahnhof Nacht,0.25,"46.1526199984, 8.94169884827",Cadenazzo,5
RSD,Cham: Perronverlängerung 320m,CHAM,CHAM,43.35,43.75,0.4,AS35,1/1/2026,4/26/2028,121,Sperre Bahnhof Nacht,0.25,"47.178243841, 8.45750481581",Cham,5
RSD,ZG-GD Unterhaltsfenster,ZG,GD,0.16,9.7,9.54,Unterhaltsfenster,5/20/2024,6/2/2024,2,Sperre Strecke Nacht,0.5,"47.049044874, 8.54944633996",Arth-Goldau,2
RME,AS35 GREL-DUG Doppelspurausbau,GREL,DUG,107,111.4,0.1114,Sperrmuster ohne RM,4/1/2023,3/28/2025,104,Sperre Strecke Nacht,1,"47.4534448145, 7.60346074943",Duggingen,2
RME,,OL,BI,,,0,Sperre DpS GREL-DUG,4/1/2025,9/1/2025,22,Umleitung,,"47.1328978528, 7.24291053739",Biel/Bienne,404
RME,,OB,OB,,,0,,2/1/2025,5/30/2025,17,Sperre Bahnhof Nacht,0.25,"47.3052472113, 7.7717238037",Oberbuchsiten,5
RME,,LUT,LUT,,,0,,2/1/2026,5/2/2026,13,Sperre Bahnhof Nacht,0.25,"47.2171492197, 7.58352344644",Luterbach-Attisholz,5
RME,"SO-SW, Ersatz Aarebrücken",SO,SW,74,74.6,0.0746,Wettbewerb brücke; Ausführungszeit inkl. Bauzeit Brücke; BPP Stufe 1 am 31.3.22,1/1/2026,12/29/2027,104,Sperre Strecke 24 Std,0.5,"47.2067172615, 7.53194908407",Solothurn West,3
RME,"OEN=NB, Gl. 104-556",OEN,WAA,57.247,58.028,0.058028,"Zusammen mit BZU NB, FbE22 600er Gleis teilweise im 24",7/1/2024,7/28/2024,4,Sperre Strecke Nacht,0.5,"47.2319565613, 7.65623444913",Wangen an der Aare,2
RME,"FbE: Gl. 492, 62-72, 73-23, 641-2, 7-9, W. 11/12",OLH,OLH,39.844,41.102,0.041102,,1/1/2024,12/29/2024,52,Sperre Bahnhof Nacht,0.5,"47.348555177, 7.89772397213",Olten Hammer,5
RME,UF Gäu,OLH,SO,,,0,"Total 40 Sperrungen, jeweils Dienstag bis Samstag 08.30h bis 15.30h  10 Sperrungen, 2 Wochen im Frühling und 2 Wochen im Herbst. Bahnersatz: Für Regionalverkehr. Schnellzüge umleiten über NBS-ABS",1/1/2024,12/29/2024,52,Sperre Strecke Tag,0.5,"47.2041925029, 7.54268923738",Solothurn,1
RME,Herzogenbuchsee und Langenthal: Bau von IH- Stützpunkte,HB,LTH,67.5,58.5,0.0585,,1/1/2024,10/26/2025,95,Umsetzung,,"47.2173029163, 7.78471520185",Langenthal,0
RME,"Bern Wankdorf, neue PU und Haltestelle Nord",BWY,LGUT OST,103.3,102.400 109.600,#VALUE!,,8/2/2021,9/14/2025,215,Sperre Strecke 24 Std,0.25,,,3
RME,FbE24 LTH-HB Gleis 365,LTH,HB,64.6,65.415,0.065415,,1/15/2024,12/15/2024,48,Sperre Strecke 24 Std,0.25,"47.1880861101, 7.70095832122",Herzogenbuchsee,3
RME,Cluster mit Totalsperrung SCHH_LN,LN,SCHH,38.1,59.7,0.0597,Div.,4/2/2025,7/29/2025,17,Sperre Strecke 24 Std,1,"46.9506473328, 8.01515060209",Schüpfheim,3
RME,AS35 Zofingen: Schnelle Einfahrt G nach Gleis 4,ZF,ZF,46.8,48.2,0.0482,Inkl. Stellwerkersatz,2/1/2027,8/3/2031,235,Sperre Bahnhof Nacht,0.25,"47.2880525355, 7.94311764754",Zofingen,5
RME,Stellwerkersatz und Fahrbahnerneuerungen,EBR,EBR,87.1,90.9,0.0909,,1/1/2024,1/19/2025,55,Sperre Strecke Nacht,,"47.070601491, 8.28256532837",Emmenbrücke,2
RME,"FMUE, FbE24 W. 9-11, 14-16",LZ,EBR,91.95,91.7,0.0917,,1/15/2024,12/15/2024,48,Sperre Strecke Nacht,,"47.070601491, 8.28256532837",Emmenbrücke,2
RME,Erneuerung Brücke über die kleine Emme,EBR,FMUE,90.615,90.65,0.09065,,9/1/2024,3/28/2026,82,Umsetzung,,"47.0566007468, 8.28684763509",Fluhmühle (Abzw),0
RME,"FbE24 LZ Weichen 643, 644, 651-655, 657, 658, 704, 705 und Gleis 304",LZ,LZ,94.2,94.6,0.0946,Umbau der Nebenanlage,1/15/2024,12/15/2024,48,Sperre Bahnhof 24 Std,,"47.0501778105, 8.31018315401",Luzern,6
RME,,OL,OL,,,0,"FL Arbeiten UW in Olten, ABO, OLH, RTR, Arbeiten aktuell verzögert",1/1/2024,12/29/2024,52,Sperre Bahnhof 24 Std,1,"47.3519347412, 7.90769966099",Olten,6
RME,"PR=FRE, Gl. 109",PR,FRE,,,0,,1/1/2024,12/29/2024,52,Sperre Strecke Nacht,0.5,"47.5014699912, 7.71911047846",Frenkendorf-Füllinsdorf,2
RME,AS35 Safenwil-Walterswil: Bau Doppelspur inkl. 2. Perron,SAF,WAST,6.5,4.4,0.0044,,1/1/2026,12/25/2030,260,Sperre Strecke Nacht,0.25,"47.3199235956, 7.96320362872",Walterswil-Striegel,2
RME,Umbau Knoten Olten,OL,OL,,,0,,1/1/2030,12/27/2032,156,Sperre Bahnhof 24 Std,0.25,"47.3519347412, 7.90769966099",Olten,6
RME,Totalerneuer. Fahrleitung,MEG,MEG,10.043,11.45,0.01145,Bau Fundamente im 2022,4/2/2024,4/15/2024,2,Sperre Strecke 24 Std,0.25,"47.0501478318, 8.38306144451",Meggen,3
RME,"BZ Mitte, Migration rcs95 auf RCI der Zellen OTH",OTH,OI,65.5,95.9,0.0959,"Benzenschwil, Mellingen, Oberrüti, Othmarsingen, Sins, Wohlen. Abbruch rcs95 Stationen, Bau RCI, Migration aSB9 von S5 auf S7 und  Rückbau rcs95 Zentralen",1/1/2024,12/29/2024,52,Sperre Strecke Nacht,,"47.1659261632, 8.4047794455",Oberrüti,2
RME,RK Projektierung WildTK ZG6 Risch Astra,RK,IM,101.6,102.6,0.1026,Erstellung Wildtierkorridier Spw Brüglen,4/1/2023,2/28/2025,100,Sperre Strecke Nacht,,"47.0916186586, 8.46267208892",Immensee,2
